{
	"Version": 3,
	"Meta": {
		"PhysicsSettingCount": 62,
		"TotalInputCount": 129,
		"TotalOutputCount": 134,
		"VertexCount": 204,
		"Fps": 60,
		"EffectiveForces": {
			"Gravity": {
				"X": 0,
				"Y": -1
			},
			"Wind": {
				"X": 0,
				"Y": 0
			}
		},
		"PhysicsDictionary": [
			{
				"Id": "PhysicsSetting1",
				"Name": "Z"
			},
			{
				"Id": "PhysicsSetting2",
				"Name": "앞머리1"
			},
			{
				"Id": "PhysicsSetting3",
				"Name": "앞머리2"
			},
			{
				"Id": "PhysicsSetting4",
				"Name": "앞머리3"
			},
			{
				"Id": "PhysicsSetting5",
				"Name": "앞머리4"
			},
			{
				"Id": "PhysicsSetting6",
				"Name": "앞머리5"
			},
			{
				"Id": "PhysicsSetting7",
				"Name": "앞머리6+7"
			},
			{
				"Id": "PhysicsSetting8",
				"Name": "앞머리8"
			},
			{
				"Id": "PhysicsSetting9",
				"Name": "앞머리9"
			},
			{
				"Id": "PhysicsSetting10",
				"Name": "앞머리10"
			},
			{
				"Id": "PhysicsSetting11",
				"Name": "앞머리11+12"
			},
			{
				"Id": "PhysicsSetting12",
				"Name": "앞머리13"
			},
			{
				"Id": "PhysicsSetting13",
				"Name": "앞머리15"
			},
			{
				"Id": "PhysicsSetting14",
				"Name": "더듬이"
			},
			{
				"Id": "PhysicsSetting15",
				"Name": "L뒷머리1"
			},
			{
				"Id": "PhysicsSetting16",
				"Name": "L뒷머리2"
			},
			{
				"Id": "PhysicsSetting17",
				"Name": "R뒷머리1"
			},
			{
				"Id": "PhysicsSetting18",
				"Name": "R뒷머리2"
			},
			{
				"Id": "PhysicsSetting19",
				"Name": "뒷베이스"
			},
			{
				"Id": "PhysicsSetting20",
				"Name": "뒷머리1-1"
			},
			{
				"Id": "PhysicsSetting21",
				"Name": "앞머리1y"
			},
			{
				"Id": "PhysicsSetting22",
				"Name": "앞머리2y"
			},
			{
				"Id": "PhysicsSetting23",
				"Name": "더듬이y"
			},
			{
				"Id": "PhysicsSetting24",
				"Name": "뒷머리y"
			},
			{
				"Id": "PhysicsSetting25",
				"Name": "뒷베이스y"
			},
			{
				"Id": "PhysicsSetting26",
				"Name": "뒷머리1-1y"
			},
			{
				"Id": "PhysicsSetting27",
				"Name": "앞카라"
			},
			{
				"Id": "PhysicsSetting28",
				"Name": "자켓카라"
			},
			{
				"Id": "PhysicsSetting29",
				"Name": "L자켓"
			},
			{
				"Id": "PhysicsSetting30",
				"Name": "R자켓"
			},
			{
				"Id": "PhysicsSetting31",
				"Name": "자켓y"
			},
			{
				"Id": "PhysicsSetting32",
				"Name": "흰셔츠하단"
			},
			{
				"Id": "PhysicsSetting33",
				"Name": "조끼하단"
			},
			{
				"Id": "PhysicsSetting34",
				"Name": "R어깨끈"
			},
			{
				"Id": "PhysicsSetting35",
				"Name": "R어깨끈y"
			},
			{
				"Id": "PhysicsSetting36",
				"Name": "뱃지1"
			},
			{
				"Id": "PhysicsSetting37",
				"Name": "귀걸이빛"
			},
			{
				"Id": "PhysicsSetting38",
				"Name": "위안경빛"
			},
			{
				"Id": "PhysicsSetting39",
				"Name": "로봇 빛"
			},
			{
				"Id": "PhysicsSetting40",
				"Name": "쓴안경빛"
			},
			{
				"Id": "PhysicsSetting41",
				"Name": "R귀걸이2"
			},
			{
				"Id": "PhysicsSetting42",
				"Name": "L귀걸이2"
			},
			{
				"Id": "PhysicsSetting43",
				"Name": "흰셔츠앞y"
			},
			{
				"Id": "PhysicsSetting44",
				"Name": "흰셔츠밑단"
			},
			{
				"Id": "PhysicsSetting45",
				"Name": "조끼밑단"
			},
			{
				"Id": "PhysicsSetting46",
				"Name": "목사슬"
			},
			{
				"Id": "PhysicsSetting47",
				"Name": "쓴안경장식"
			},
			{
				"Id": "PhysicsSetting48",
				"Name": "위안경장식"
			},
			{
				"Id": "PhysicsSetting49",
				"Name": "R팔"
			},
			{
				"Id": "PhysicsSetting50",
				"Name": "R팔y"
			},
			{
				"Id": "PhysicsSetting51",
				"Name": "L팔"
			},
			{
				"Id": "PhysicsSetting52",
				"Name": "L팔y"
			},
			{
				"Id": "PhysicsSetting53",
				"Name": "R손"
			},
			{
				"Id": "PhysicsSetting54",
				"Name": "R홍채"
			},
			{
				"Id": "PhysicsSetting55",
				"Name": "R동공1"
			},
			{
				"Id": "PhysicsSetting56",
				"Name": "R동공2"
			},
			{
				"Id": "PhysicsSetting57",
				"Name": "L홍채"
			},
			{
				"Id": "PhysicsSetting58",
				"Name": "L동공1"
			},
			{
				"Id": "PhysicsSetting59",
				"Name": "L동공2"
			},
			{
				"Id": "PhysicsSetting60",
				"Name": "카라y"
			},
			{
				"Id": "PhysicsSetting61",
				"Name": "게임기y"
			},
			{
				"Id": "PhysicsSetting62",
				"Name": "로봇"
			}
		]
	},
	"PhysicsSettings": [
		{
			"Id": "PhysicsSetting1",
			"Input": [
				{
					"Source": {
						"Target": "Parameter",
						"Id": "ParamAngleZ"
					},
					"Weight": 100,
					"Type": "Angle",
					"Reflect": false
				}
			],
			"Output": [
				{
					"Destination": {
						"Target": "Parameter",
						"Id": "ParamBodyAngleZ"
					},
					"VertexIndex": 1,
					"Scale": 20,
					"Weight": 100,
					"Type": "Angle",
					"Reflect": false
				}
			],
			"Vertices": [
				{
					"Position": {
						"X": 0,
						"Y": 0
					},
					"Mobility": 1,
					"Delay": 1,
					"Acceleration": 1,
					"Radius": 0
				},
				{
					"Position": {
						"X": 0,
						"Y": 12
					},
					"Mobility": 0.7,
					"Delay": 1,
					"Acceleration": 0.7,
					"Radius": 12
				}
			],
			"Normalization": {
				"Position": {
					"Minimum": -10,
					"Default": 0,
					"Maximum": 10
				},
				"Angle": {
					"Minimum": -10,
					"Default": 0,
					"Maximum": 10
				}
			}
		},
		{
			"Id": "PhysicsSetting2",
			"Input": [
				{
					"Source": {
						"Target": "Parameter",
						"Id": "ParamAngleX"
					},
					"Weight": 60,
					"Type": "X",
					"Reflect": false
				},
				{
					"Source": {
						"Target": "Parameter",
						"Id": "ParamAngleZ"
					},
					"Weight": 50,
					"Type": "Angle",
					"Reflect": false
				}
			],
			"Output": [
				{
					"Destination": {
						"Target": "Parameter",
						"Id": "Param5"
					},
					"VertexIndex": 1,
					"Scale": 30,
					"Weight": 100,
					"Type": "Angle",
					"Reflect": false
				},
				{
					"Destination": {
						"Target": "Parameter",
						"Id": "Param6"
					},
					"VertexIndex": 2,
					"Scale": 30,
					"Weight": 100,
					"Type": "Angle",
					"Reflect": false
				},
				{
					"Destination": {
						"Target": "Parameter",
						"Id": "Param7"
					},
					"VertexIndex": 3,
					"Scale": 30,
					"Weight": 100,
					"Type": "Angle",
					"Reflect": false
				}
			],
			"Vertices": [
				{
					"Position": {
						"X": 0,
						"Y": 0
					},
					"Mobility": 0.85,
					"Delay": 0.8,
					"Acceleration": 0.9,
					"Radius": 0
				},
				{
					"Position": {
						"X": 0,
						"Y": 10
					},
					"Mobility": 0.85,
					"Delay": 0.8,
					"Acceleration": 0.9,
					"Radius": 10
				},
				{
					"Position": {
						"X": 0,
						"Y": 18
					},
					"Mobility": 0.9,
					"Delay": 0.8,
					"Acceleration": 0.9,
					"Radius": 8
				},
				{
					"Position": {
						"X": 0,
						"Y": 25
					},
					"Mobility": 0.95,
					"Delay": 0.8,
					"Acceleration": 0.9,
					"Radius": 7
				}
			],
			"Normalization": {
				"Position": {
					"Minimum": -10,
					"Default": 0,
					"Maximum": 10
				},
				"Angle": {
					"Minimum": -10,
					"Default": 0,
					"Maximum": 10
				}
			}
		},
		{
			"Id": "PhysicsSetting3",
			"Input": [
				{
					"Source": {
						"Target": "Parameter",
						"Id": "ParamAngleX"
					},
					"Weight": 60,
					"Type": "X",
					"Reflect": false
				},
				{
					"Source": {
						"Target": "Parameter",
						"Id": "ParamAngleZ"
					},
					"Weight": 50,
					"Type": "Angle",
					"Reflect": false
				}
			],
			"Output": [
				{
					"Destination": {
						"Target": "Parameter",
						"Id": "Param8"
					},
					"VertexIndex": 1,
					"Scale": 30,
					"Weight": 100,
					"Type": "Angle",
					"Reflect": false
				},
				{
					"Destination": {
						"Target": "Parameter",
						"Id": "Param47"
					},
					"VertexIndex": 2,
					"Scale": 30,
					"Weight": 100,
					"Type": "Angle",
					"Reflect": false
				},
				{
					"Destination": {
						"Target": "Parameter",
						"Id": "Param48"
					},
					"VertexIndex": 3,
					"Scale": 30,
					"Weight": 100,
					"Type": "Angle",
					"Reflect": false
				}
			],
			"Vertices": [
				{
					"Position": {
						"X": 0,
						"Y": 0
					},
					"Mobility": 0.85,
					"Delay": 0.8,
					"Acceleration": 0.9,
					"Radius": 0
				},
				{
					"Position": {
						"X": 0,
						"Y": 10
					},
					"Mobility": 0.85,
					"Delay": 0.8,
					"Acceleration": 0.9,
					"Radius": 10
				},
				{
					"Position": {
						"X": 0,
						"Y": 18
					},
					"Mobility": 0.9,
					"Delay": 0.8,
					"Acceleration": 0.9,
					"Radius": 8
				},
				{
					"Position": {
						"X": 0,
						"Y": 25
					},
					"Mobility": 0.95,
					"Delay": 0.8,
					"Acceleration": 0.9,
					"Radius": 7
				}
			],
			"Normalization": {
				"Position": {
					"Minimum": -10,
					"Default": 0,
					"Maximum": 10
				},
				"Angle": {
					"Minimum": -10,
					"Default": 0,
					"Maximum": 10
				}
			}
		},
		{
			"Id": "PhysicsSetting4",
			"Input": [
				{
					"Source": {
						"Target": "Parameter",
						"Id": "ParamAngleX"
					},
					"Weight": 60,
					"Type": "X",
					"Reflect": false
				},
				{
					"Source": {
						"Target": "Parameter",
						"Id": "ParamAngleZ"
					},
					"Weight": 50,
					"Type": "Angle",
					"Reflect": false
				}
			],
			"Output": [
				{
					"Destination": {
						"Target": "Parameter",
						"Id": "Param9"
					},
					"VertexIndex": 1,
					"Scale": 30,
					"Weight": 100,
					"Type": "Angle",
					"Reflect": false
				},
				{
					"Destination": {
						"Target": "Parameter",
						"Id": "Param45"
					},
					"VertexIndex": 2,
					"Scale": 30,
					"Weight": 100,
					"Type": "Angle",
					"Reflect": false
				},
				{
					"Destination": {
						"Target": "Parameter",
						"Id": "Param46"
					},
					"VertexIndex": 3,
					"Scale": 30,
					"Weight": 100,
					"Type": "Angle",
					"Reflect": false
				}
			],
			"Vertices": [
				{
					"Position": {
						"X": 0,
						"Y": 0
					},
					"Mobility": 0.85,
					"Delay": 0.8,
					"Acceleration": 0.9,
					"Radius": 0
				},
				{
					"Position": {
						"X": 0,
						"Y": 10
					},
					"Mobility": 0.85,
					"Delay": 0.8,
					"Acceleration": 0.9,
					"Radius": 10
				},
				{
					"Position": {
						"X": 0,
						"Y": 18
					},
					"Mobility": 0.9,
					"Delay": 0.8,
					"Acceleration": 0.9,
					"Radius": 8
				},
				{
					"Position": {
						"X": 0,
						"Y": 25
					},
					"Mobility": 0.95,
					"Delay": 0.8,
					"Acceleration": 0.9,
					"Radius": 7
				}
			],
			"Normalization": {
				"Position": {
					"Minimum": -10,
					"Default": 0,
					"Maximum": 10
				},
				"Angle": {
					"Minimum": -10,
					"Default": 0,
					"Maximum": 10
				}
			}
		},
		{
			"Id": "PhysicsSetting5",
			"Input": [
				{
					"Source": {
						"Target": "Parameter",
						"Id": "ParamAngleX"
					},
					"Weight": 60,
					"Type": "X",
					"Reflect": false
				},
				{
					"Source": {
						"Target": "Parameter",
						"Id": "ParamAngleZ"
					},
					"Weight": 50,
					"Type": "Angle",
					"Reflect": false
				}
			],
			"Output": [
				{
					"Destination": {
						"Target": "Parameter",
						"Id": "Param10"
					},
					"VertexIndex": 1,
					"Scale": 30,
					"Weight": 100,
					"Type": "Angle",
					"Reflect": false
				},
				{
					"Destination": {
						"Target": "Parameter",
						"Id": "Param39"
					},
					"VertexIndex": 2,
					"Scale": 30,
					"Weight": 100,
					"Type": "Angle",
					"Reflect": false
				},
				{
					"Destination": {
						"Target": "Parameter",
						"Id": "Param40"
					},
					"VertexIndex": 3,
					"Scale": 30,
					"Weight": 100,
					"Type": "Angle",
					"Reflect": false
				}
			],
			"Vertices": [
				{
					"Position": {
						"X": 0,
						"Y": 0
					},
					"Mobility": 0.85,
					"Delay": 0.8,
					"Acceleration": 0.9,
					"Radius": 0
				},
				{
					"Position": {
						"X": 0,
						"Y": 10
					},
					"Mobility": 0.85,
					"Delay": 0.8,
					"Acceleration": 0.9,
					"Radius": 10
				},
				{
					"Position": {
						"X": 0,
						"Y": 18
					},
					"Mobility": 0.9,
					"Delay": 0.8,
					"Acceleration": 0.9,
					"Radius": 8
				},
				{
					"Position": {
						"X": 0,
						"Y": 25
					},
					"Mobility": 0.95,
					"Delay": 0.8,
					"Acceleration": 0.9,
					"Radius": 7
				}
			],
			"Normalization": {
				"Position": {
					"Minimum": -10,
					"Default": 0,
					"Maximum": 10
				},
				"Angle": {
					"Minimum": -10,
					"Default": 0,
					"Maximum": 10
				}
			}
		},
		{
			"Id": "PhysicsSetting6",
			"Input": [
				{
					"Source": {
						"Target": "Parameter",
						"Id": "ParamAngleX"
					},
					"Weight": 60,
					"Type": "X",
					"Reflect": false
				},
				{
					"Source": {
						"Target": "Parameter",
						"Id": "ParamAngleZ"
					},
					"Weight": 50,
					"Type": "Angle",
					"Reflect": false
				}
			],
			"Output": [
				{
					"Destination": {
						"Target": "Parameter",
						"Id": "Param11"
					},
					"VertexIndex": 1,
					"Scale": 30,
					"Weight": 100,
					"Type": "Angle",
					"Reflect": false
				},
				{
					"Destination": {
						"Target": "Parameter",
						"Id": "Param44"
					},
					"VertexIndex": 2,
					"Scale": 30,
					"Weight": 100,
					"Type": "Angle",
					"Reflect": false
				},
				{
					"Destination": {
						"Target": "Parameter",
						"Id": "Param41"
					},
					"VertexIndex": 3,
					"Scale": 30,
					"Weight": 100,
					"Type": "Angle",
					"Reflect": false
				}
			],
			"Vertices": [
				{
					"Position": {
						"X": 0,
						"Y": 0
					},
					"Mobility": 0.85,
					"Delay": 0.8,
					"Acceleration": 0.9,
					"Radius": 0
				},
				{
					"Position": {
						"X": 0,
						"Y": 10
					},
					"Mobility": 0.85,
					"Delay": 0.8,
					"Acceleration": 0.9,
					"Radius": 10
				},
				{
					"Position": {
						"X": 0,
						"Y": 18
					},
					"Mobility": 0.9,
					"Delay": 0.8,
					"Acceleration": 0.9,
					"Radius": 8
				},
				{
					"Position": {
						"X": 0,
						"Y": 25
					},
					"Mobility": 0.95,
					"Delay": 0.8,
					"Acceleration": 0.9,
					"Radius": 7
				}
			],
			"Normalization": {
				"Position": {
					"Minimum": -10,
					"Default": 0,
					"Maximum": 10
				},
				"Angle": {
					"Minimum": -10,
					"Default": 0,
					"Maximum": 10
				}
			}
		},
		{
			"Id": "PhysicsSetting7",
			"Input": [
				{
					"Source": {
						"Target": "Parameter",
						"Id": "ParamAngleX"
					},
					"Weight": 60,
					"Type": "X",
					"Reflect": false
				},
				{
					"Source": {
						"Target": "Parameter",
						"Id": "ParamAngleZ"
					},
					"Weight": 50,
					"Type": "Angle",
					"Reflect": false
				}
			],
			"Output": [
				{
					"Destination": {
						"Target": "Parameter",
						"Id": "Param13"
					},
					"VertexIndex": 1,
					"Scale": 30,
					"Weight": 100,
					"Type": "Angle",
					"Reflect": false
				},
				{
					"Destination": {
						"Target": "Parameter",
						"Id": "Param37"
					},
					"VertexIndex": 2,
					"Scale": 30,
					"Weight": 100,
					"Type": "Angle",
					"Reflect": false
				},
				{
					"Destination": {
						"Target": "Parameter",
						"Id": "Param38"
					},
					"VertexIndex": 3,
					"Scale": 30,
					"Weight": 100,
					"Type": "Angle",
					"Reflect": false
				}
			],
			"Vertices": [
				{
					"Position": {
						"X": 0,
						"Y": 0
					},
					"Mobility": 0.85,
					"Delay": 0.8,
					"Acceleration": 0.9,
					"Radius": 0
				},
				{
					"Position": {
						"X": 0,
						"Y": 10
					},
					"Mobility": 0.85,
					"Delay": 0.8,
					"Acceleration": 0.9,
					"Radius": 10
				},
				{
					"Position": {
						"X": 0,
						"Y": 18
					},
					"Mobility": 0.9,
					"Delay": 0.8,
					"Acceleration": 0.9,
					"Radius": 8
				},
				{
					"Position": {
						"X": 0,
						"Y": 25
					},
					"Mobility": 0.95,
					"Delay": 0.8,
					"Acceleration": 0.9,
					"Radius": 7
				}
			],
			"Normalization": {
				"Position": {
					"Minimum": -10,
					"Default": 0,
					"Maximum": 10
				},
				"Angle": {
					"Minimum": -10,
					"Default": 0,
					"Maximum": 10
				}
			}
		},
		{
			"Id": "PhysicsSetting8",
			"Input": [
				{
					"Source": {
						"Target": "Parameter",
						"Id": "ParamAngleX"
					},
					"Weight": 60,
					"Type": "X",
					"Reflect": false
				},
				{
					"Source": {
						"Target": "Parameter",
						"Id": "ParamAngleZ"
					},
					"Weight": 50,
					"Type": "Angle",
					"Reflect": false
				}
			],
			"Output": [
				{
					"Destination": {
						"Target": "Parameter",
						"Id": "Param14"
					},
					"VertexIndex": 1,
					"Scale": 30,
					"Weight": 100,
					"Type": "Angle",
					"Reflect": false
				},
				{
					"Destination": {
						"Target": "Parameter",
						"Id": "Param35"
					},
					"VertexIndex": 2,
					"Scale": 30,
					"Weight": 100,
					"Type": "Angle",
					"Reflect": false
				},
				{
					"Destination": {
						"Target": "Parameter",
						"Id": "Param36"
					},
					"VertexIndex": 3,
					"Scale": 30,
					"Weight": 100,
					"Type": "Angle",
					"Reflect": false
				}
			],
			"Vertices": [
				{
					"Position": {
						"X": 0,
						"Y": 0
					},
					"Mobility": 0.85,
					"Delay": 0.8,
					"Acceleration": 0.9,
					"Radius": 0
				},
				{
					"Position": {
						"X": 0,
						"Y": 10
					},
					"Mobility": 0.85,
					"Delay": 0.8,
					"Acceleration": 0.9,
					"Radius": 10
				},
				{
					"Position": {
						"X": 0,
						"Y": 18
					},
					"Mobility": 0.9,
					"Delay": 0.8,
					"Acceleration": 0.9,
					"Radius": 8
				},
				{
					"Position": {
						"X": 0,
						"Y": 25
					},
					"Mobility": 0.95,
					"Delay": 0.8,
					"Acceleration": 0.9,
					"Radius": 7
				}
			],
			"Normalization": {
				"Position": {
					"Minimum": -10,
					"Default": 0,
					"Maximum": 10
				},
				"Angle": {
					"Minimum": -10,
					"Default": 0,
					"Maximum": 10
				}
			}
		},
		{
			"Id": "PhysicsSetting9",
			"Input": [
				{
					"Source": {
						"Target": "Parameter",
						"Id": "ParamAngleX"
					},
					"Weight": 60,
					"Type": "X",
					"Reflect": false
				},
				{
					"Source": {
						"Target": "Parameter",
						"Id": "ParamAngleZ"
					},
					"Weight": 50,
					"Type": "Angle",
					"Reflect": false
				}
			],
			"Output": [
				{
					"Destination": {
						"Target": "Parameter",
						"Id": "Param15"
					},
					"VertexIndex": 1,
					"Scale": 30,
					"Weight": 100,
					"Type": "Angle",
					"Reflect": false
				},
				{
					"Destination": {
						"Target": "Parameter",
						"Id": "Param33"
					},
					"VertexIndex": 2,
					"Scale": 30,
					"Weight": 100,
					"Type": "Angle",
					"Reflect": false
				},
				{
					"Destination": {
						"Target": "Parameter",
						"Id": "Param34"
					},
					"VertexIndex": 3,
					"Scale": 30,
					"Weight": 100,
					"Type": "Angle",
					"Reflect": false
				}
			],
			"Vertices": [
				{
					"Position": {
						"X": 0,
						"Y": 0
					},
					"Mobility": 0.85,
					"Delay": 0.8,
					"Acceleration": 0.9,
					"Radius": 0
				},
				{
					"Position": {
						"X": 0,
						"Y": 10
					},
					"Mobility": 0.85,
					"Delay": 0.8,
					"Acceleration": 0.9,
					"Radius": 10
				},
				{
					"Position": {
						"X": 0,
						"Y": 18
					},
					"Mobility": 0.9,
					"Delay": 0.8,
					"Acceleration": 0.9,
					"Radius": 8
				},
				{
					"Position": {
						"X": 0,
						"Y": 25
					},
					"Mobility": 0.95,
					"Delay": 0.8,
					"Acceleration": 0.9,
					"Radius": 7
				}
			],
			"Normalization": {
				"Position": {
					"Minimum": -10,
					"Default": 0,
					"Maximum": 10
				},
				"Angle": {
					"Minimum": -10,
					"Default": 0,
					"Maximum": 10
				}
			}
		},
		{
			"Id": "PhysicsSetting10",
			"Input": [
				{
					"Source": {
						"Target": "Parameter",
						"Id": "ParamAngleX"
					},
					"Weight": 90,
					"Type": "X",
					"Reflect": false
				},
				{
					"Source": {
						"Target": "Parameter",
						"Id": "ParamAngleZ"
					},
					"Weight": 50,
					"Type": "Angle",
					"Reflect": false
				}
			],
			"Output": [
				{
					"Destination": {
						"Target": "Parameter",
						"Id": "Param16"
					},
					"VertexIndex": 1,
					"Scale": 30,
					"Weight": 100,
					"Type": "Angle",
					"Reflect": false
				},
				{
					"Destination": {
						"Target": "Parameter",
						"Id": "Param31"
					},
					"VertexIndex": 2,
					"Scale": 30,
					"Weight": 100,
					"Type": "Angle",
					"Reflect": false
				},
				{
					"Destination": {
						"Target": "Parameter",
						"Id": "Param32"
					},
					"VertexIndex": 3,
					"Scale": 30,
					"Weight": 100,
					"Type": "Angle",
					"Reflect": false
				}
			],
			"Vertices": [
				{
					"Position": {
						"X": 0,
						"Y": 0
					},
					"Mobility": 0.85,
					"Delay": 0.8,
					"Acceleration": 0.9,
					"Radius": 0
				},
				{
					"Position": {
						"X": 0,
						"Y": 10
					},
					"Mobility": 0.85,
					"Delay": 0.8,
					"Acceleration": 0.9,
					"Radius": 10
				},
				{
					"Position": {
						"X": 0,
						"Y": 18
					},
					"Mobility": 0.9,
					"Delay": 0.8,
					"Acceleration": 0.9,
					"Radius": 8
				},
				{
					"Position": {
						"X": 0,
						"Y": 25
					},
					"Mobility": 0.95,
					"Delay": 0.8,
					"Acceleration": 0.9,
					"Radius": 7
				}
			],
			"Normalization": {
				"Position": {
					"Minimum": -10,
					"Default": 0,
					"Maximum": 10
				},
				"Angle": {
					"Minimum": -10,
					"Default": 0,
					"Maximum": 10
				}
			}
		},
		{
			"Id": "PhysicsSetting11",
			"Input": [
				{
					"Source": {
						"Target": "Parameter",
						"Id": "ParamAngleX"
					},
					"Weight": 60,
					"Type": "X",
					"Reflect": false
				},
				{
					"Source": {
						"Target": "Parameter",
						"Id": "ParamAngleZ"
					},
					"Weight": 50,
					"Type": "Angle",
					"Reflect": false
				}
			],
			"Output": [
				{
					"Destination": {
						"Target": "Parameter",
						"Id": "Param17"
					},
					"VertexIndex": 1,
					"Scale": 30,
					"Weight": 100,
					"Type": "Angle",
					"Reflect": false
				},
				{
					"Destination": {
						"Target": "Parameter",
						"Id": "Param29"
					},
					"VertexIndex": 2,
					"Scale": 30,
					"Weight": 100,
					"Type": "Angle",
					"Reflect": false
				},
				{
					"Destination": {
						"Target": "Parameter",
						"Id": "Param30"
					},
					"VertexIndex": 3,
					"Scale": 30,
					"Weight": 100,
					"Type": "Angle",
					"Reflect": false
				}
			],
			"Vertices": [
				{
					"Position": {
						"X": 0,
						"Y": 0
					},
					"Mobility": 0.85,
					"Delay": 0.8,
					"Acceleration": 0.9,
					"Radius": 0
				},
				{
					"Position": {
						"X": 0,
						"Y": 10
					},
					"Mobility": 0.85,
					"Delay": 0.8,
					"Acceleration": 0.9,
					"Radius": 10
				},
				{
					"Position": {
						"X": 0,
						"Y": 18
					},
					"Mobility": 0.9,
					"Delay": 0.8,
					"Acceleration": 0.9,
					"Radius": 8
				},
				{
					"Position": {
						"X": 0,
						"Y": 25
					},
					"Mobility": 0.95,
					"Delay": 0.8,
					"Acceleration": 0.9,
					"Radius": 7
				}
			],
			"Normalization": {
				"Position": {
					"Minimum": -10,
					"Default": 0,
					"Maximum": 10
				},
				"Angle": {
					"Minimum": -10,
					"Default": 0,
					"Maximum": 10
				}
			}
		},
		{
			"Id": "PhysicsSetting12",
			"Input": [
				{
					"Source": {
						"Target": "Parameter",
						"Id": "ParamAngleX"
					},
					"Weight": 60,
					"Type": "X",
					"Reflect": false
				},
				{
					"Source": {
						"Target": "Parameter",
						"Id": "ParamAngleZ"
					},
					"Weight": 50,
					"Type": "Angle",
					"Reflect": false
				}
			],
			"Output": [
				{
					"Destination": {
						"Target": "Parameter",
						"Id": "Param18"
					},
					"VertexIndex": 1,
					"Scale": 30,
					"Weight": 100,
					"Type": "Angle",
					"Reflect": false
				},
				{
					"Destination": {
						"Target": "Parameter",
						"Id": "Param27"
					},
					"VertexIndex": 2,
					"Scale": 30,
					"Weight": 100,
					"Type": "Angle",
					"Reflect": false
				},
				{
					"Destination": {
						"Target": "Parameter",
						"Id": "Param28"
					},
					"VertexIndex": 3,
					"Scale": 30,
					"Weight": 100,
					"Type": "Angle",
					"Reflect": false
				}
			],
			"Vertices": [
				{
					"Position": {
						"X": 0,
						"Y": 0
					},
					"Mobility": 0.85,
					"Delay": 0.8,
					"Acceleration": 0.9,
					"Radius": 0
				},
				{
					"Position": {
						"X": 0,
						"Y": 10
					},
					"Mobility": 0.85,
					"Delay": 0.8,
					"Acceleration": 0.9,
					"Radius": 10
				},
				{
					"Position": {
						"X": 0,
						"Y": 18
					},
					"Mobility": 0.9,
					"Delay": 0.8,
					"Acceleration": 0.9,
					"Radius": 8
				},
				{
					"Position": {
						"X": 0,
						"Y": 25
					},
					"Mobility": 0.95,
					"Delay": 0.8,
					"Acceleration": 0.9,
					"Radius": 7
				}
			],
			"Normalization": {
				"Position": {
					"Minimum": -10,
					"Default": 0,
					"Maximum": 10
				},
				"Angle": {
					"Minimum": -10,
					"Default": 0,
					"Maximum": 10
				}
			}
		},
		{
			"Id": "PhysicsSetting13",
			"Input": [
				{
					"Source": {
						"Target": "Parameter",
						"Id": "ParamAngleX"
					},
					"Weight": 60,
					"Type": "X",
					"Reflect": false
				},
				{
					"Source": {
						"Target": "Parameter",
						"Id": "ParamAngleZ"
					},
					"Weight": 50,
					"Type": "Angle",
					"Reflect": false
				}
			],
			"Output": [
				{
					"Destination": {
						"Target": "Parameter",
						"Id": "Param19"
					},
					"VertexIndex": 1,
					"Scale": 30,
					"Weight": 100,
					"Type": "Angle",
					"Reflect": false
				},
				{
					"Destination": {
						"Target": "Parameter",
						"Id": "Param25"
					},
					"VertexIndex": 2,
					"Scale": 30,
					"Weight": 100,
					"Type": "Angle",
					"Reflect": false
				},
				{
					"Destination": {
						"Target": "Parameter",
						"Id": "Param26"
					},
					"VertexIndex": 3,
					"Scale": 30,
					"Weight": 100,
					"Type": "Angle",
					"Reflect": false
				}
			],
			"Vertices": [
				{
					"Position": {
						"X": 0,
						"Y": 0
					},
					"Mobility": 0.85,
					"Delay": 0.8,
					"Acceleration": 0.9,
					"Radius": 0
				},
				{
					"Position": {
						"X": 0,
						"Y": 10
					},
					"Mobility": 0.85,
					"Delay": 0.8,
					"Acceleration": 0.9,
					"Radius": 10
				},
				{
					"Position": {
						"X": 0,
						"Y": 18
					},
					"Mobility": 0.9,
					"Delay": 0.8,
					"Acceleration": 0.9,
					"Radius": 8
				},
				{
					"Position": {
						"X": 0,
						"Y": 25
					},
					"Mobility": 0.95,
					"Delay": 0.8,
					"Acceleration": 0.9,
					"Radius": 7
				}
			],
			"Normalization": {
				"Position": {
					"Minimum": -10,
					"Default": 0,
					"Maximum": 10
				},
				"Angle": {
					"Minimum": -10,
					"Default": 0,
					"Maximum": 10
				}
			}
		},
		{
			"Id": "PhysicsSetting14",
			"Input": [
				{
					"Source": {
						"Target": "Parameter",
						"Id": "ParamAngleX"
					},
					"Weight": 80,
					"Type": "X",
					"Reflect": false
				},
				{
					"Source": {
						"Target": "Parameter",
						"Id": "ParamAngleZ"
					},
					"Weight": 80,
					"Type": "Angle",
					"Reflect": false
				}
			],
			"Output": [
				{
					"Destination": {
						"Target": "Parameter",
						"Id": "Param21"
					},
					"VertexIndex": 1,
					"Scale": 41.868,
					"Weight": 100,
					"Type": "Angle",
					"Reflect": false
				},
				{
					"Destination": {
						"Target": "Parameter",
						"Id": "Param22"
					},
					"VertexIndex": 2,
					"Scale": 41.759,
					"Weight": 100,
					"Type": "Angle",
					"Reflect": false
				}
			],
			"Vertices": [
				{
					"Position": {
						"X": 0,
						"Y": 0
					},
					"Mobility": 0.8,
					"Delay": 0.8,
					"Acceleration": 1.2,
					"Radius": 0
				},
				{
					"Position": {
						"X": 0,
						"Y": 10
					},
					"Mobility": 0.9,
					"Delay": 0.8,
					"Acceleration": 1.2,
					"Radius": 10
				},
				{
					"Position": {
						"X": 0,
						"Y": 18
					},
					"Mobility": 0.9,
					"Delay": 0.8,
					"Acceleration": 1.2,
					"Radius": 8
				}
			],
			"Normalization": {
				"Position": {
					"Minimum": -10,
					"Default": 0,
					"Maximum": 10
				},
				"Angle": {
					"Minimum": -10,
					"Default": 0,
					"Maximum": 10
				}
			}
		},
		{
			"Id": "PhysicsSetting15",
			"Input": [
				{
					"Source": {
						"Target": "Parameter",
						"Id": "ParamAngleX"
					},
					"Weight": 70,
					"Type": "X",
					"Reflect": false
				},
				{
					"Source": {
						"Target": "Parameter",
						"Id": "ParamAngleZ"
					},
					"Weight": 80,
					"Type": "Angle",
					"Reflect": false
				}
			],
			"Output": [
				{
					"Destination": {
						"Target": "Parameter",
						"Id": "Param12"
					},
					"VertexIndex": 1,
					"Scale": 30,
					"Weight": 100,
					"Type": "Angle",
					"Reflect": false
				},
				{
					"Destination": {
						"Target": "Parameter",
						"Id": "Param23"
					},
					"VertexIndex": 2,
					"Scale": 30,
					"Weight": 100,
					"Type": "Angle",
					"Reflect": false
				},
				{
					"Destination": {
						"Target": "Parameter",
						"Id": "Param20"
					},
					"VertexIndex": 3,
					"Scale": 30,
					"Weight": 100,
					"Type": "Angle",
					"Reflect": false
				}
			],
			"Vertices": [
				{
					"Position": {
						"X": 0,
						"Y": 0
					},
					"Mobility": 0.9,
					"Delay": 1,
					"Acceleration": 0.9,
					"Radius": 0
				},
				{
					"Position": {
						"X": 0,
						"Y": 12
					},
					"Mobility": 0.9,
					"Delay": 1,
					"Acceleration": 0.9,
					"Radius": 12
				},
				{
					"Position": {
						"X": 0,
						"Y": 22
					},
					"Mobility": 0.9,
					"Delay": 1,
					"Acceleration": 0.9,
					"Radius": 10
				},
				{
					"Position": {
						"X": 0,
						"Y": 29
					},
					"Mobility": 0.9,
					"Delay": 1,
					"Acceleration": 0.9,
					"Radius": 7
				}
			],
			"Normalization": {
				"Position": {
					"Minimum": -10,
					"Default": 0,
					"Maximum": 10
				},
				"Angle": {
					"Minimum": -10,
					"Default": 0,
					"Maximum": 10
				}
			}
		},
		{
			"Id": "PhysicsSetting16",
			"Input": [
				{
					"Source": {
						"Target": "Parameter",
						"Id": "ParamAngleX"
					},
					"Weight": 50,
					"Type": "X",
					"Reflect": false
				},
				{
					"Source": {
						"Target": "Parameter",
						"Id": "ParamAngleZ"
					},
					"Weight": 50,
					"Type": "Angle",
					"Reflect": false
				}
			],
			"Output": [
				{
					"Destination": {
						"Target": "Parameter",
						"Id": "Param24"
					},
					"VertexIndex": 1,
					"Scale": 30,
					"Weight": 100,
					"Type": "Angle",
					"Reflect": false
				},
				{
					"Destination": {
						"Target": "Parameter",
						"Id": "Param42"
					},
					"VertexIndex": 2,
					"Scale": 30,
					"Weight": 100,
					"Type": "Angle",
					"Reflect": false
				},
				{
					"Destination": {
						"Target": "Parameter",
						"Id": "Param43"
					},
					"VertexIndex": 3,
					"Scale": 30,
					"Weight": 100,
					"Type": "Angle",
					"Reflect": false
				}
			],
			"Vertices": [
				{
					"Position": {
						"X": 0,
						"Y": 0
					},
					"Mobility": 0.9,
					"Delay": 1,
					"Acceleration": 0.9,
					"Radius": 0
				},
				{
					"Position": {
						"X": 0,
						"Y": 12
					},
					"Mobility": 0.9,
					"Delay": 1,
					"Acceleration": 0.9,
					"Radius": 12
				},
				{
					"Position": {
						"X": 0,
						"Y": 22
					},
					"Mobility": 0.9,
					"Delay": 1,
					"Acceleration": 0.9,
					"Radius": 10
				},
				{
					"Position": {
						"X": 0,
						"Y": 29
					},
					"Mobility": 0.9,
					"Delay": 1,
					"Acceleration": 0.9,
					"Radius": 7
				}
			],
			"Normalization": {
				"Position": {
					"Minimum": -10,
					"Default": 0,
					"Maximum": 10
				},
				"Angle": {
					"Minimum": -10,
					"Default": 0,
					"Maximum": 10
				}
			}
		},
		{
			"Id": "PhysicsSetting17",
			"Input": [
				{
					"Source": {
						"Target": "Parameter",
						"Id": "ParamAngleX"
					},
					"Weight": 70,
					"Type": "X",
					"Reflect": false
				},
				{
					"Source": {
						"Target": "Parameter",
						"Id": "ParamAngleZ"
					},
					"Weight": 80,
					"Type": "Angle",
					"Reflect": false
				}
			],
			"Output": [
				{
					"Destination": {
						"Target": "Parameter",
						"Id": "Param49"
					},
					"VertexIndex": 1,
					"Scale": 30,
					"Weight": 100,
					"Type": "Angle",
					"Reflect": false
				},
				{
					"Destination": {
						"Target": "Parameter",
						"Id": "Param51"
					},
					"VertexIndex": 2,
					"Scale": 30,
					"Weight": 100,
					"Type": "Angle",
					"Reflect": false
				},
				{
					"Destination": {
						"Target": "Parameter",
						"Id": "Param52"
					},
					"VertexIndex": 3,
					"Scale": 30,
					"Weight": 100,
					"Type": "Angle",
					"Reflect": false
				}
			],
			"Vertices": [
				{
					"Position": {
						"X": 0,
						"Y": 0
					},
					"Mobility": 0.9,
					"Delay": 1,
					"Acceleration": 0.9,
					"Radius": 0
				},
				{
					"Position": {
						"X": 0,
						"Y": 12
					},
					"Mobility": 0.9,
					"Delay": 1,
					"Acceleration": 0.9,
					"Radius": 12
				},
				{
					"Position": {
						"X": 0,
						"Y": 22
					},
					"Mobility": 0.9,
					"Delay": 1,
					"Acceleration": 0.9,
					"Radius": 10
				},
				{
					"Position": {
						"X": 0,
						"Y": 29
					},
					"Mobility": 0.9,
					"Delay": 1,
					"Acceleration": 0.9,
					"Radius": 7
				}
			],
			"Normalization": {
				"Position": {
					"Minimum": -10,
					"Default": 0,
					"Maximum": 10
				},
				"Angle": {
					"Minimum": -10,
					"Default": 0,
					"Maximum": 10
				}
			}
		},
		{
			"Id": "PhysicsSetting18",
			"Input": [
				{
					"Source": {
						"Target": "Parameter",
						"Id": "ParamAngleX"
					},
					"Weight": 50,
					"Type": "X",
					"Reflect": false
				},
				{
					"Source": {
						"Target": "Parameter",
						"Id": "ParamAngleZ"
					},
					"Weight": 50,
					"Type": "Angle",
					"Reflect": false
				}
			],
			"Output": [
				{
					"Destination": {
						"Target": "Parameter",
						"Id": "Param50"
					},
					"VertexIndex": 1,
					"Scale": 30,
					"Weight": 100,
					"Type": "Angle",
					"Reflect": false
				},
				{
					"Destination": {
						"Target": "Parameter",
						"Id": "Param53"
					},
					"VertexIndex": 2,
					"Scale": 30,
					"Weight": 100,
					"Type": "Angle",
					"Reflect": false
				},
				{
					"Destination": {
						"Target": "Parameter",
						"Id": "Param54"
					},
					"VertexIndex": 3,
					"Scale": 30,
					"Weight": 100,
					"Type": "Angle",
					"Reflect": false
				}
			],
			"Vertices": [
				{
					"Position": {
						"X": 0,
						"Y": 0
					},
					"Mobility": 0.9,
					"Delay": 1,
					"Acceleration": 0.9,
					"Radius": 0
				},
				{
					"Position": {
						"X": 0,
						"Y": 12
					},
					"Mobility": 0.9,
					"Delay": 1,
					"Acceleration": 0.9,
					"Radius": 12
				},
				{
					"Position": {
						"X": 0,
						"Y": 22
					},
					"Mobility": 0.9,
					"Delay": 1,
					"Acceleration": 0.9,
					"Radius": 10
				},
				{
					"Position": {
						"X": 0,
						"Y": 29
					},
					"Mobility": 0.9,
					"Delay": 1,
					"Acceleration": 0.9,
					"Radius": 7
				}
			],
			"Normalization": {
				"Position": {
					"Minimum": -10,
					"Default": 0,
					"Maximum": 10
				},
				"Angle": {
					"Minimum": -10,
					"Default": 0,
					"Maximum": 10
				}
			}
		},
		{
			"Id": "PhysicsSetting19",
			"Input": [
				{
					"Source": {
						"Target": "Parameter",
						"Id": "ParamAngleX"
					},
					"Weight": 70,
					"Type": "X",
					"Reflect": false
				},
				{
					"Source": {
						"Target": "Parameter",
						"Id": "ParamAngleZ"
					},
					"Weight": 80,
					"Type": "Angle",
					"Reflect": false
				}
			],
			"Output": [
				{
					"Destination": {
						"Target": "Parameter",
						"Id": "Param61"
					},
					"VertexIndex": 1,
					"Scale": 30,
					"Weight": 100,
					"Type": "Angle",
					"Reflect": false
				},
				{
					"Destination": {
						"Target": "Parameter",
						"Id": "Param62"
					},
					"VertexIndex": 2,
					"Scale": 30,
					"Weight": 100,
					"Type": "Angle",
					"Reflect": false
				}
			],
			"Vertices": [
				{
					"Position": {
						"X": 0,
						"Y": 0
					},
					"Mobility": 0.9,
					"Delay": 1,
					"Acceleration": 0.9,
					"Radius": 0
				},
				{
					"Position": {
						"X": 0,
						"Y": 12
					},
					"Mobility": 0.9,
					"Delay": 1,
					"Acceleration": 0.9,
					"Radius": 12
				},
				{
					"Position": {
						"X": 0,
						"Y": 22
					},
					"Mobility": 0.9,
					"Delay": 1,
					"Acceleration": 0.9,
					"Radius": 10
				},
				{
					"Position": {
						"X": 0,
						"Y": 29
					},
					"Mobility": 0.9,
					"Delay": 1,
					"Acceleration": 0.9,
					"Radius": 7
				}
			],
			"Normalization": {
				"Position": {
					"Minimum": -10,
					"Default": 0,
					"Maximum": 10
				},
				"Angle": {
					"Minimum": -10,
					"Default": 0,
					"Maximum": 10
				}
			}
		},
		{
			"Id": "PhysicsSetting20",
			"Input": [
				{
					"Source": {
						"Target": "Parameter",
						"Id": "ParamAngleX"
					},
					"Weight": 70,
					"Type": "X",
					"Reflect": false
				},
				{
					"Source": {
						"Target": "Parameter",
						"Id": "ParamAngleZ"
					},
					"Weight": 80,
					"Type": "Angle",
					"Reflect": false
				}
			],
			"Output": [
				{
					"Destination": {
						"Target": "Parameter",
						"Id": "Param143"
					},
					"VertexIndex": 1,
					"Scale": 30,
					"Weight": 100,
					"Type": "Angle",
					"Reflect": false
				},
				{
					"Destination": {
						"Target": "Parameter",
						"Id": "Param144"
					},
					"VertexIndex": 2,
					"Scale": 30,
					"Weight": 100,
					"Type": "Angle",
					"Reflect": false
				}
			],
			"Vertices": [
				{
					"Position": {
						"X": 0,
						"Y": 0
					},
					"Mobility": 0.9,
					"Delay": 1,
					"Acceleration": 0.9,
					"Radius": 0
				},
				{
					"Position": {
						"X": 0,
						"Y": 12
					},
					"Mobility": 0.9,
					"Delay": 1,
					"Acceleration": 0.9,
					"Radius": 12
				},
				{
					"Position": {
						"X": 0,
						"Y": 22
					},
					"Mobility": 0.9,
					"Delay": 1,
					"Acceleration": 0.9,
					"Radius": 10
				},
				{
					"Position": {
						"X": 0,
						"Y": 29
					},
					"Mobility": 0.9,
					"Delay": 1,
					"Acceleration": 0.9,
					"Radius": 7
				}
			],
			"Normalization": {
				"Position": {
					"Minimum": -10,
					"Default": 0,
					"Maximum": 10
				},
				"Angle": {
					"Minimum": -10,
					"Default": 0,
					"Maximum": 10
				}
			}
		},
		{
			"Id": "PhysicsSetting21",
			"Input": [
				{
					"Source": {
						"Target": "Parameter",
						"Id": "ParamAngleY"
					},
					"Weight": 80,
					"Type": "X",
					"Reflect": false
				},
				{
					"Source": {
						"Target": "Parameter",
						"Id": "ParamAngleZ"
					},
					"Weight": 80,
					"Type": "Angle",
					"Reflect": false
				}
			],
			"Output": [
				{
					"Destination": {
						"Target": "Parameter",
						"Id": "Param55"
					},
					"VertexIndex": 1,
					"Scale": 30,
					"Weight": 100,
					"Type": "Angle",
					"Reflect": false
				},
				{
					"Destination": {
						"Target": "Parameter",
						"Id": "Param57"
					},
					"VertexIndex": 2,
					"Scale": 30,
					"Weight": 50,
					"Type": "Angle",
					"Reflect": false
				}
			],
			"Vertices": [
				{
					"Position": {
						"X": 0,
						"Y": 0
					},
					"Mobility": 0.85,
					"Delay": 1,
					"Acceleration": 0.9,
					"Radius": 0
				},
				{
					"Position": {
						"X": 0,
						"Y": 12
					},
					"Mobility": 0.85,
					"Delay": 1,
					"Acceleration": 0.9,
					"Radius": 12
				},
				{
					"Position": {
						"X": 0,
						"Y": 22
					},
					"Mobility": 0.85,
					"Delay": 1,
					"Acceleration": 0.9,
					"Radius": 10
				},
				{
					"Position": {
						"X": 0,
						"Y": 29
					},
					"Mobility": 0.85,
					"Delay": 1,
					"Acceleration": 0.9,
					"Radius": 7
				}
			],
			"Normalization": {
				"Position": {
					"Minimum": -10,
					"Default": 0,
					"Maximum": 10
				},
				"Angle": {
					"Minimum": -10,
					"Default": 0,
					"Maximum": 10
				}
			}
		},
		{
			"Id": "PhysicsSetting22",
			"Input": [
				{
					"Source": {
						"Target": "Parameter",
						"Id": "ParamAngleY"
					},
					"Weight": 80,
					"Type": "X",
					"Reflect": false
				},
				{
					"Source": {
						"Target": "Parameter",
						"Id": "ParamAngleZ"
					},
					"Weight": 80,
					"Type": "Angle",
					"Reflect": false
				}
			],
			"Output": [
				{
					"Destination": {
						"Target": "Parameter",
						"Id": "Param56"
					},
					"VertexIndex": 1,
					"Scale": 30,
					"Weight": 100,
					"Type": "Angle",
					"Reflect": false
				},
				{
					"Destination": {
						"Target": "Parameter",
						"Id": "Param58"
					},
					"VertexIndex": 2,
					"Scale": 30,
					"Weight": 100,
					"Type": "Angle",
					"Reflect": false
				}
			],
			"Vertices": [
				{
					"Position": {
						"X": 0,
						"Y": 0
					},
					"Mobility": 0.85,
					"Delay": 1,
					"Acceleration": 0.9,
					"Radius": 0
				},
				{
					"Position": {
						"X": 0,
						"Y": 12
					},
					"Mobility": 0.85,
					"Delay": 1,
					"Acceleration": 0.9,
					"Radius": 12
				},
				{
					"Position": {
						"X": 0,
						"Y": 22
					},
					"Mobility": 0.85,
					"Delay": 1,
					"Acceleration": 0.9,
					"Radius": 10
				},
				{
					"Position": {
						"X": 0,
						"Y": 29
					},
					"Mobility": 0.85,
					"Delay": 1,
					"Acceleration": 0.9,
					"Radius": 7
				}
			],
			"Normalization": {
				"Position": {
					"Minimum": -10,
					"Default": 0,
					"Maximum": 10
				},
				"Angle": {
					"Minimum": -10,
					"Default": 0,
					"Maximum": 10
				}
			}
		},
		{
			"Id": "PhysicsSetting23",
			"Input": [
				{
					"Source": {
						"Target": "Parameter",
						"Id": "ParamAngleY"
					},
					"Weight": 100,
					"Type": "X",
					"Reflect": false
				},
				{
					"Source": {
						"Target": "Parameter",
						"Id": "ParamAngleZ"
					},
					"Weight": 100,
					"Type": "Angle",
					"Reflect": false
				}
			],
			"Output": [
				{
					"Destination": {
						"Target": "Parameter",
						"Id": "Param59"
					},
					"VertexIndex": 1,
					"Scale": 40,
					"Weight": 100,
					"Type": "Angle",
					"Reflect": false
				},
				{
					"Destination": {
						"Target": "Parameter",
						"Id": "Param60"
					},
					"VertexIndex": 2,
					"Scale": 40,
					"Weight": 100,
					"Type": "Angle",
					"Reflect": false
				}
			],
			"Vertices": [
				{
					"Position": {
						"X": 0,
						"Y": 0
					},
					"Mobility": 0.9,
					"Delay": 1,
					"Acceleration": 0.9,
					"Radius": 0
				},
				{
					"Position": {
						"X": 0,
						"Y": 12
					},
					"Mobility": 0.9,
					"Delay": 1,
					"Acceleration": 0.9,
					"Radius": 12
				},
				{
					"Position": {
						"X": 0,
						"Y": 22
					},
					"Mobility": 0.9,
					"Delay": 1,
					"Acceleration": 0.9,
					"Radius": 10
				},
				{
					"Position": {
						"X": 0,
						"Y": 29
					},
					"Mobility": 0.9,
					"Delay": 1,
					"Acceleration": 0.9,
					"Radius": 7
				}
			],
			"Normalization": {
				"Position": {
					"Minimum": -10,
					"Default": 0,
					"Maximum": 10
				},
				"Angle": {
					"Minimum": -10,
					"Default": 0,
					"Maximum": 10
				}
			}
		},
		{
			"Id": "PhysicsSetting24",
			"Input": [
				{
					"Source": {
						"Target": "Parameter",
						"Id": "ParamAngleY"
					},
					"Weight": 80,
					"Type": "X",
					"Reflect": false
				},
				{
					"Source": {
						"Target": "Parameter",
						"Id": "ParamAngleZ"
					},
					"Weight": 80,
					"Type": "Angle",
					"Reflect": false
				}
			],
			"Output": [
				{
					"Destination": {
						"Target": "Parameter",
						"Id": "Param63"
					},
					"VertexIndex": 1,
					"Scale": 30,
					"Weight": 100,
					"Type": "Angle",
					"Reflect": false
				},
				{
					"Destination": {
						"Target": "Parameter",
						"Id": "Param64"
					},
					"VertexIndex": 2,
					"Scale": 30,
					"Weight": 100,
					"Type": "Angle",
					"Reflect": false
				}
			],
			"Vertices": [
				{
					"Position": {
						"X": 0,
						"Y": 0
					},
					"Mobility": 0.85,
					"Delay": 1,
					"Acceleration": 1,
					"Radius": 0
				},
				{
					"Position": {
						"X": 0,
						"Y": 12
					},
					"Mobility": 0.85,
					"Delay": 1,
					"Acceleration": 1,
					"Radius": 12
				},
				{
					"Position": {
						"X": 0,
						"Y": 22
					},
					"Mobility": 0.85,
					"Delay": 1,
					"Acceleration": 1,
					"Radius": 10
				},
				{
					"Position": {
						"X": 0,
						"Y": 29
					},
					"Mobility": 0.85,
					"Delay": 1,
					"Acceleration": 1,
					"Radius": 7
				}
			],
			"Normalization": {
				"Position": {
					"Minimum": -10,
					"Default": 0,
					"Maximum": 10
				},
				"Angle": {
					"Minimum": -10,
					"Default": 0,
					"Maximum": 10
				}
			}
		},
		{
			"Id": "PhysicsSetting25",
			"Input": [
				{
					"Source": {
						"Target": "Parameter",
						"Id": "ParamAngleY"
					},
					"Weight": 80,
					"Type": "X",
					"Reflect": false
				},
				{
					"Source": {
						"Target": "Parameter",
						"Id": "ParamAngleZ"
					},
					"Weight": 80,
					"Type": "Angle",
					"Reflect": false
				}
			],
			"Output": [
				{
					"Destination": {
						"Target": "Parameter",
						"Id": "Param145"
					},
					"VertexIndex": 1,
					"Scale": 30,
					"Weight": 100,
					"Type": "Angle",
					"Reflect": false
				},
				{
					"Destination": {
						"Target": "Parameter",
						"Id": "Param146"
					},
					"VertexIndex": 2,
					"Scale": 30,
					"Weight": 100,
					"Type": "Angle",
					"Reflect": false
				}
			],
			"Vertices": [
				{
					"Position": {
						"X": 0,
						"Y": 0
					},
					"Mobility": 0.85,
					"Delay": 1,
					"Acceleration": 1,
					"Radius": 0
				},
				{
					"Position": {
						"X": 0,
						"Y": 12
					},
					"Mobility": 0.85,
					"Delay": 1,
					"Acceleration": 1,
					"Radius": 12
				},
				{
					"Position": {
						"X": 0,
						"Y": 22
					},
					"Mobility": 0.85,
					"Delay": 1,
					"Acceleration": 1,
					"Radius": 10
				},
				{
					"Position": {
						"X": 0,
						"Y": 29
					},
					"Mobility": 0.85,
					"Delay": 1,
					"Acceleration": 1,
					"Radius": 7
				}
			],
			"Normalization": {
				"Position": {
					"Minimum": -10,
					"Default": 0,
					"Maximum": 10
				},
				"Angle": {
					"Minimum": -10,
					"Default": 0,
					"Maximum": 10
				}
			}
		},
		{
			"Id": "PhysicsSetting26",
			"Input": [
				{
					"Source": {
						"Target": "Parameter",
						"Id": "ParamAngleY"
					},
					"Weight": 80,
					"Type": "X",
					"Reflect": false
				},
				{
					"Source": {
						"Target": "Parameter",
						"Id": "ParamAngleZ"
					},
					"Weight": 80,
					"Type": "Angle",
					"Reflect": false
				}
			],
			"Output": [
				{
					"Destination": {
						"Target": "Parameter",
						"Id": "Param147"
					},
					"VertexIndex": 1,
					"Scale": 30,
					"Weight": 100,
					"Type": "Angle",
					"Reflect": false
				},
				{
					"Destination": {
						"Target": "Parameter",
						"Id": "Param148"
					},
					"VertexIndex": 2,
					"Scale": 30,
					"Weight": 100,
					"Type": "Angle",
					"Reflect": false
				}
			],
			"Vertices": [
				{
					"Position": {
						"X": 0,
						"Y": 0
					},
					"Mobility": 0.85,
					"Delay": 1,
					"Acceleration": 1,
					"Radius": 0
				},
				{
					"Position": {
						"X": 0,
						"Y": 12
					},
					"Mobility": 0.85,
					"Delay": 1,
					"Acceleration": 1,
					"Radius": 12
				},
				{
					"Position": {
						"X": 0,
						"Y": 22
					},
					"Mobility": 0.85,
					"Delay": 1,
					"Acceleration": 1,
					"Radius": 10
				},
				{
					"Position": {
						"X": 0,
						"Y": 29
					},
					"Mobility": 0.85,
					"Delay": 1,
					"Acceleration": 1,
					"Radius": 7
				}
			],
			"Normalization": {
				"Position": {
					"Minimum": -10,
					"Default": 0,
					"Maximum": 10
				},
				"Angle": {
					"Minimum": -10,
					"Default": 0,
					"Maximum": 10
				}
			}
		},
		{
			"Id": "PhysicsSetting27",
			"Input": [
				{
					"Source": {
						"Target": "Parameter",
						"Id": "ParamBodyAngleX"
					},
					"Weight": 80,
					"Type": "X",
					"Reflect": false
				},
				{
					"Source": {
						"Target": "Parameter",
						"Id": "ParamBodyAngleZ"
					},
					"Weight": 80,
					"Type": "Angle",
					"Reflect": false
				}
			],
			"Output": [
				{
					"Destination": {
						"Target": "Parameter",
						"Id": "Param65"
					},
					"VertexIndex": 1,
					"Scale": 30,
					"Weight": 100,
					"Type": "Angle",
					"Reflect": false
				},
				{
					"Destination": {
						"Target": "Parameter",
						"Id": "Param66"
					},
					"VertexIndex": 2,
					"Scale": 30,
					"Weight": 100,
					"Type": "Angle",
					"Reflect": false
				}
			],
			"Vertices": [
				{
					"Position": {
						"X": 0,
						"Y": 0
					},
					"Mobility": 0.9,
					"Delay": 1,
					"Acceleration": 1,
					"Radius": 0
				},
				{
					"Position": {
						"X": 0,
						"Y": 8
					},
					"Mobility": 0.9,
					"Delay": 1,
					"Acceleration": 1,
					"Radius": 8
				},
				{
					"Position": {
						"X": 0,
						"Y": 15
					},
					"Mobility": 0.9,
					"Delay": 1,
					"Acceleration": 1,
					"Radius": 7
				}
			],
			"Normalization": {
				"Position": {
					"Minimum": -10,
					"Default": 0,
					"Maximum": 10
				},
				"Angle": {
					"Minimum": -10,
					"Default": 0,
					"Maximum": 10
				}
			}
		},
		{
			"Id": "PhysicsSetting28",
			"Input": [
				{
					"Source": {
						"Target": "Parameter",
						"Id": "ParamBodyAngleX"
					},
					"Weight": 80,
					"Type": "X",
					"Reflect": false
				},
				{
					"Source": {
						"Target": "Parameter",
						"Id": "ParamBodyAngleZ"
					},
					"Weight": 100,
					"Type": "Angle",
					"Reflect": false
				}
			],
			"Output": [
				{
					"Destination": {
						"Target": "Parameter",
						"Id": "Param67"
					},
					"VertexIndex": 1,
					"Scale": 40,
					"Weight": 100,
					"Type": "Angle",
					"Reflect": false
				},
				{
					"Destination": {
						"Target": "Parameter",
						"Id": "Param68"
					},
					"VertexIndex": 2,
					"Scale": 20,
					"Weight": 100,
					"Type": "Angle",
					"Reflect": false
				}
			],
			"Vertices": [
				{
					"Position": {
						"X": 0,
						"Y": 0
					},
					"Mobility": 0.9,
					"Delay": 1,
					"Acceleration": 1,
					"Radius": 0
				},
				{
					"Position": {
						"X": 0,
						"Y": 8
					},
					"Mobility": 0.9,
					"Delay": 1,
					"Acceleration": 0.7,
					"Radius": 8
				},
				{
					"Position": {
						"X": 0,
						"Y": 15
					},
					"Mobility": 0.9,
					"Delay": 1,
					"Acceleration": 0.7,
					"Radius": 7
				}
			],
			"Normalization": {
				"Position": {
					"Minimum": -10,
					"Default": 0,
					"Maximum": 10
				},
				"Angle": {
					"Minimum": -10,
					"Default": 0,
					"Maximum": 10
				}
			}
		},
		{
			"Id": "PhysicsSetting29",
			"Input": [
				{
					"Source": {
						"Target": "Parameter",
						"Id": "ParamBodyAngleX"
					},
					"Weight": 80,
					"Type": "X",
					"Reflect": false
				},
				{
					"Source": {
						"Target": "Parameter",
						"Id": "ParamBodyAngleZ"
					},
					"Weight": 80,
					"Type": "Angle",
					"Reflect": false
				}
			],
			"Output": [
				{
					"Destination": {
						"Target": "Parameter",
						"Id": "Param84"
					},
					"VertexIndex": 1,
					"Scale": 40,
					"Weight": 100,
					"Type": "Angle",
					"Reflect": false
				},
				{
					"Destination": {
						"Target": "Parameter",
						"Id": "Param85"
					},
					"VertexIndex": 2,
					"Scale": 10,
					"Weight": 100,
					"Type": "Angle",
					"Reflect": false
				}
			],
			"Vertices": [
				{
					"Position": {
						"X": 0,
						"Y": 0
					},
					"Mobility": 0.9,
					"Delay": 1,
					"Acceleration": 1,
					"Radius": 0
				},
				{
					"Position": {
						"X": 0,
						"Y": 8
					},
					"Mobility": 0.9,
					"Delay": 1,
					"Acceleration": 0.7,
					"Radius": 8
				},
				{
					"Position": {
						"X": 0,
						"Y": 15
					},
					"Mobility": 0.9,
					"Delay": 1,
					"Acceleration": 0.7,
					"Radius": 7
				}
			],
			"Normalization": {
				"Position": {
					"Minimum": -10,
					"Default": 0,
					"Maximum": 10
				},
				"Angle": {
					"Minimum": -10,
					"Default": 0,
					"Maximum": 10
				}
			}
		},
		{
			"Id": "PhysicsSetting30",
			"Input": [
				{
					"Source": {
						"Target": "Parameter",
						"Id": "ParamBodyAngleX"
					},
					"Weight": 80,
					"Type": "X",
					"Reflect": false
				},
				{
					"Source": {
						"Target": "Parameter",
						"Id": "ParamBodyAngleZ"
					},
					"Weight": 80,
					"Type": "Angle",
					"Reflect": false
				}
			],
			"Output": [
				{
					"Destination": {
						"Target": "Parameter",
						"Id": "Param86"
					},
					"VertexIndex": 1,
					"Scale": 40,
					"Weight": 100,
					"Type": "Angle",
					"Reflect": false
				},
				{
					"Destination": {
						"Target": "Parameter",
						"Id": "Param87"
					},
					"VertexIndex": 2,
					"Scale": 10,
					"Weight": 100,
					"Type": "Angle",
					"Reflect": false
				}
			],
			"Vertices": [
				{
					"Position": {
						"X": 0,
						"Y": 0
					},
					"Mobility": 0.9,
					"Delay": 1,
					"Acceleration": 1,
					"Radius": 0
				},
				{
					"Position": {
						"X": 0,
						"Y": 8
					},
					"Mobility": 0.9,
					"Delay": 1,
					"Acceleration": 0.7,
					"Radius": 8
				},
				{
					"Position": {
						"X": 0,
						"Y": 15
					},
					"Mobility": 0.9,
					"Delay": 1,
					"Acceleration": 0.7,
					"Radius": 7
				}
			],
			"Normalization": {
				"Position": {
					"Minimum": -10,
					"Default": 0,
					"Maximum": 10
				},
				"Angle": {
					"Minimum": -10,
					"Default": 0,
					"Maximum": 10
				}
			}
		},
		{
			"Id": "PhysicsSetting31",
			"Input": [
				{
					"Source": {
						"Target": "Parameter",
						"Id": "ParamBodyAngleY"
					},
					"Weight": 80,
					"Type": "X",
					"Reflect": false
				},
				{
					"Source": {
						"Target": "Parameter",
						"Id": "ParamBodyAngleZ"
					},
					"Weight": 80,
					"Type": "Angle",
					"Reflect": false
				}
			],
			"Output": [
				{
					"Destination": {
						"Target": "Parameter",
						"Id": "Param110"
					},
					"VertexIndex": 1,
					"Scale": 30,
					"Weight": 100,
					"Type": "Angle",
					"Reflect": false
				},
				{
					"Destination": {
						"Target": "Parameter",
						"Id": "Param111"
					},
					"VertexIndex": 2,
					"Scale": 30,
					"Weight": 100,
					"Type": "Angle",
					"Reflect": false
				}
			],
			"Vertices": [
				{
					"Position": {
						"X": 0,
						"Y": 0
					},
					"Mobility": 0.9,
					"Delay": 1,
					"Acceleration": 1,
					"Radius": 0
				},
				{
					"Position": {
						"X": 0,
						"Y": 8
					},
					"Mobility": 0.9,
					"Delay": 1,
					"Acceleration": 0.7,
					"Radius": 8
				},
				{
					"Position": {
						"X": 0,
						"Y": 15
					},
					"Mobility": 0.9,
					"Delay": 1,
					"Acceleration": 0.7,
					"Radius": 7
				}
			],
			"Normalization": {
				"Position": {
					"Minimum": -10,
					"Default": 0,
					"Maximum": 10
				},
				"Angle": {
					"Minimum": -10,
					"Default": 0,
					"Maximum": 10
				}
			}
		},
		{
			"Id": "PhysicsSetting32",
			"Input": [
				{
					"Source": {
						"Target": "Parameter",
						"Id": "ParamBodyAngleX"
					},
					"Weight": 50,
					"Type": "X",
					"Reflect": false
				},
				{
					"Source": {
						"Target": "Parameter",
						"Id": "ParamBodyAngleZ"
					},
					"Weight": 50,
					"Type": "Angle",
					"Reflect": false
				}
			],
			"Output": [
				{
					"Destination": {
						"Target": "Parameter",
						"Id": "Param69"
					},
					"VertexIndex": 1,
					"Scale": 30,
					"Weight": 100,
					"Type": "Angle",
					"Reflect": false
				},
				{
					"Destination": {
						"Target": "Parameter",
						"Id": "Param70"
					},
					"VertexIndex": 2,
					"Scale": 30,
					"Weight": 80,
					"Type": "Angle",
					"Reflect": false
				}
			],
			"Vertices": [
				{
					"Position": {
						"X": 0,
						"Y": 0
					},
					"Mobility": 0.85,
					"Delay": 1,
					"Acceleration": 1,
					"Radius": 0
				},
				{
					"Position": {
						"X": 0,
						"Y": 8
					},
					"Mobility": 0.85,
					"Delay": 1,
					"Acceleration": 1,
					"Radius": 8
				},
				{
					"Position": {
						"X": 0,
						"Y": 15
					},
					"Mobility": 0.85,
					"Delay": 1,
					"Acceleration": 1,
					"Radius": 7
				}
			],
			"Normalization": {
				"Position": {
					"Minimum": -10,
					"Default": 0,
					"Maximum": 10
				},
				"Angle": {
					"Minimum": -10,
					"Default": 0,
					"Maximum": 10
				}
			}
		},
		{
			"Id": "PhysicsSetting33",
			"Input": [
				{
					"Source": {
						"Target": "Parameter",
						"Id": "ParamBodyAngleX"
					},
					"Weight": 50,
					"Type": "X",
					"Reflect": false
				},
				{
					"Source": {
						"Target": "Parameter",
						"Id": "ParamBodyAngleZ"
					},
					"Weight": 50,
					"Type": "Angle",
					"Reflect": false
				}
			],
			"Output": [
				{
					"Destination": {
						"Target": "Parameter",
						"Id": "Param71"
					},
					"VertexIndex": 1,
					"Scale": 30,
					"Weight": 100,
					"Type": "Angle",
					"Reflect": false
				},
				{
					"Destination": {
						"Target": "Parameter",
						"Id": "Param72"
					},
					"VertexIndex": 2,
					"Scale": 30,
					"Weight": 100,
					"Type": "Angle",
					"Reflect": false
				}
			],
			"Vertices": [
				{
					"Position": {
						"X": 0,
						"Y": 0
					},
					"Mobility": 0.85,
					"Delay": 1,
					"Acceleration": 1,
					"Radius": 0
				},
				{
					"Position": {
						"X": 0,
						"Y": 8
					},
					"Mobility": 0.85,
					"Delay": 1,
					"Acceleration": 1,
					"Radius": 8
				},
				{
					"Position": {
						"X": 0,
						"Y": 15
					},
					"Mobility": 0.85,
					"Delay": 1,
					"Acceleration": 1,
					"Radius": 7
				}
			],
			"Normalization": {
				"Position": {
					"Minimum": -10,
					"Default": 0,
					"Maximum": 10
				},
				"Angle": {
					"Minimum": -10,
					"Default": 0,
					"Maximum": 10
				}
			}
		},
		{
			"Id": "PhysicsSetting34",
			"Input": [
				{
					"Source": {
						"Target": "Parameter",
						"Id": "ParamBodyAngleX"
					},
					"Weight": 90,
					"Type": "X",
					"Reflect": false
				},
				{
					"Source": {
						"Target": "Parameter",
						"Id": "ParamBodyAngleZ"
					},
					"Weight": 90,
					"Type": "Angle",
					"Reflect": false
				}
			],
			"Output": [
				{
					"Destination": {
						"Target": "Parameter",
						"Id": "Param73"
					},
					"VertexIndex": 1,
					"Scale": 40,
					"Weight": 100,
					"Type": "Angle",
					"Reflect": false
				},
				{
					"Destination": {
						"Target": "Parameter",
						"Id": "Param74"
					},
					"VertexIndex": 2,
					"Scale": 40,
					"Weight": 100,
					"Type": "Angle",
					"Reflect": false
				}
			],
			"Vertices": [
				{
					"Position": {
						"X": 0,
						"Y": 0
					},
					"Mobility": 0.85,
					"Delay": 1,
					"Acceleration": 1,
					"Radius": 0
				},
				{
					"Position": {
						"X": 0,
						"Y": 8
					},
					"Mobility": 0.85,
					"Delay": 1,
					"Acceleration": 1,
					"Radius": 8
				},
				{
					"Position": {
						"X": 0,
						"Y": 15
					},
					"Mobility": 0.85,
					"Delay": 1,
					"Acceleration": 1,
					"Radius": 7
				}
			],
			"Normalization": {
				"Position": {
					"Minimum": -10,
					"Default": 0,
					"Maximum": 10
				},
				"Angle": {
					"Minimum": -10,
					"Default": 0,
					"Maximum": 10
				}
			}
		},
		{
			"Id": "PhysicsSetting35",
			"Input": [
				{
					"Source": {
						"Target": "Parameter",
						"Id": "ParamBodyAngleY"
					},
					"Weight": 50,
					"Type": "X",
					"Reflect": false
				},
				{
					"Source": {
						"Target": "Parameter",
						"Id": "ParamBodyAngleZ"
					},
					"Weight": 50,
					"Type": "Angle",
					"Reflect": false
				}
			],
			"Output": [
				{
					"Destination": {
						"Target": "Parameter",
						"Id": "Param108"
					},
					"VertexIndex": 1,
					"Scale": 30,
					"Weight": 100,
					"Type": "Angle",
					"Reflect": false
				},
				{
					"Destination": {
						"Target": "Parameter",
						"Id": "Param109"
					},
					"VertexIndex": 2,
					"Scale": 30,
					"Weight": 100,
					"Type": "Angle",
					"Reflect": false
				}
			],
			"Vertices": [
				{
					"Position": {
						"X": 0,
						"Y": 0
					},
					"Mobility": 0.85,
					"Delay": 1,
					"Acceleration": 0.8,
					"Radius": 0
				},
				{
					"Position": {
						"X": 0,
						"Y": 8
					},
					"Mobility": 0.85,
					"Delay": 1,
					"Acceleration": 0.8,
					"Radius": 8
				},
				{
					"Position": {
						"X": 0,
						"Y": 15
					},
					"Mobility": 0.85,
					"Delay": 1,
					"Acceleration": 0.8,
					"Radius": 7
				}
			],
			"Normalization": {
				"Position": {
					"Minimum": -10,
					"Default": 0,
					"Maximum": 10
				},
				"Angle": {
					"Minimum": -10,
					"Default": 0,
					"Maximum": 10
				}
			}
		},
		{
			"Id": "PhysicsSetting36",
			"Input": [
				{
					"Source": {
						"Target": "Parameter",
						"Id": "ParamBodyAngleX"
					},
					"Weight": 50,
					"Type": "X",
					"Reflect": false
				},
				{
					"Source": {
						"Target": "Parameter",
						"Id": "ParamBodyAngleY"
					},
					"Weight": 50,
					"Type": "X",
					"Reflect": false
				},
				{
					"Source": {
						"Target": "Parameter",
						"Id": "ParamBodyAngleZ"
					},
					"Weight": 90,
					"Type": "Angle",
					"Reflect": false
				}
			],
			"Output": [
				{
					"Destination": {
						"Target": "Parameter",
						"Id": "Param75"
					},
					"VertexIndex": 1,
					"Scale": 40,
					"Weight": 100,
					"Type": "Angle",
					"Reflect": false
				},
				{
					"Destination": {
						"Target": "Parameter",
						"Id": "Param77"
					},
					"VertexIndex": 2,
					"Scale": 40,
					"Weight": 100,
					"Type": "Angle",
					"Reflect": false
				},
				{
					"Destination": {
						"Target": "Parameter",
						"Id": "Param76"
					},
					"VertexIndex": 3,
					"Scale": 40,
					"Weight": 100,
					"Type": "Angle",
					"Reflect": false
				}
			],
			"Vertices": [
				{
					"Position": {
						"X": 0,
						"Y": 0
					},
					"Mobility": 0.9,
					"Delay": 0.9,
					"Acceleration": 0.6,
					"Radius": 0
				},
				{
					"Position": {
						"X": 0,
						"Y": 10
					},
					"Mobility": 0.9,
					"Delay": 0.9,
					"Acceleration": 0.6,
					"Radius": 10
				},
				{
					"Position": {
						"X": 0,
						"Y": 18
					},
					"Mobility": 0.9,
					"Delay": 0.9,
					"Acceleration": 0.6,
					"Radius": 8
				},
				{
					"Position": {
						"X": 0,
						"Y": 24
					},
					"Mobility": 0.9,
					"Delay": 0.9,
					"Acceleration": 0.6,
					"Radius": 6
				}
			],
			"Normalization": {
				"Position": {
					"Minimum": -10,
					"Default": 0,
					"Maximum": 10
				},
				"Angle": {
					"Minimum": -10,
					"Default": 0,
					"Maximum": 10
				}
			}
		},
		{
			"Id": "PhysicsSetting37",
			"Input": [
				{
					"Source": {
						"Target": "Parameter",
						"Id": "ParamAngleX"
					},
					"Weight": 50,
					"Type": "X",
					"Reflect": false
				},
				{
					"Source": {
						"Target": "Parameter",
						"Id": "ParamAngleY"
					},
					"Weight": 50,
					"Type": "X",
					"Reflect": false
				},
				{
					"Source": {
						"Target": "Parameter",
						"Id": "ParamAngleZ"
					},
					"Weight": 90,
					"Type": "Angle",
					"Reflect": false
				}
			],
			"Output": [
				{
					"Destination": {
						"Target": "Parameter",
						"Id": "Param80"
					},
					"VertexIndex": 1,
					"Scale": 50,
					"Weight": 100,
					"Type": "Angle",
					"Reflect": false
				},
				{
					"Destination": {
						"Target": "Parameter",
						"Id": "Param83"
					},
					"VertexIndex": 2,
					"Scale": 50,
					"Weight": 100,
					"Type": "Angle",
					"Reflect": false
				},
				{
					"Destination": {
						"Target": "Parameter",
						"Id": "Param82"
					},
					"VertexIndex": 3,
					"Scale": 50,
					"Weight": 100,
					"Type": "Angle",
					"Reflect": false
				}
			],
			"Vertices": [
				{
					"Position": {
						"X": 0,
						"Y": 0
					},
					"Mobility": 0.9,
					"Delay": 0.8,
					"Acceleration": 0.7,
					"Radius": 0
				},
				{
					"Position": {
						"X": 0,
						"Y": 8
					},
					"Mobility": 0.9,
					"Delay": 0.8,
					"Acceleration": 0.7,
					"Radius": 8
				},
				{
					"Position": {
						"X": 0,
						"Y": 14
					},
					"Mobility": 0.9,
					"Delay": 0.8,
					"Acceleration": 0.7,
					"Radius": 6
				},
				{
					"Position": {
						"X": 0,
						"Y": 18
					},
					"Mobility": 0.9,
					"Delay": 0.8,
					"Acceleration": 0.7,
					"Radius": 4
				}
			],
			"Normalization": {
				"Position": {
					"Minimum": -10,
					"Default": 0,
					"Maximum": 10
				},
				"Angle": {
					"Minimum": -10,
					"Default": 0,
					"Maximum": 10
				}
			}
		},
		{
			"Id": "PhysicsSetting38",
			"Input": [
				{
					"Source": {
						"Target": "Parameter",
						"Id": "ParamAngleX"
					},
					"Weight": 50,
					"Type": "X",
					"Reflect": false
				},
				{
					"Source": {
						"Target": "Parameter",
						"Id": "ParamAngleY"
					},
					"Weight": 50,
					"Type": "X",
					"Reflect": false
				},
				{
					"Source": {
						"Target": "Parameter",
						"Id": "ParamAngleZ"
					},
					"Weight": 90,
					"Type": "Angle",
					"Reflect": false
				}
			],
			"Output": [
				{
					"Destination": {
						"Target": "Parameter",
						"Id": "Param100"
					},
					"VertexIndex": 1,
					"Scale": 20,
					"Weight": 100,
					"Type": "Angle",
					"Reflect": false
				},
				{
					"Destination": {
						"Target": "Parameter",
						"Id": "Param101"
					},
					"VertexIndex": 2,
					"Scale": 20,
					"Weight": 100,
					"Type": "Angle",
					"Reflect": false
				},
				{
					"Destination": {
						"Target": "Parameter",
						"Id": "Param102"
					},
					"VertexIndex": 3,
					"Scale": 20,
					"Weight": 100,
					"Type": "Angle",
					"Reflect": false
				}
			],
			"Vertices": [
				{
					"Position": {
						"X": 0,
						"Y": 0
					},
					"Mobility": 0.9,
					"Delay": 0.8,
					"Acceleration": 0.6,
					"Radius": 8
				},
				{
					"Position": {
						"X": 0,
						"Y": 8
					},
					"Mobility": 0.9,
					"Delay": 0.8,
					"Acceleration": 0.6,
					"Radius": 8
				},
				{
					"Position": {
						"X": 0,
						"Y": 15
					},
					"Mobility": 0.9,
					"Delay": 0.8,
					"Acceleration": 0.6,
					"Radius": 7
				},
				{
					"Position": {
						"X": 0,
						"Y": 21
					},
					"Mobility": 0.9,
					"Delay": 0.8,
					"Acceleration": 0.6,
					"Radius": 6
				}
			],
			"Normalization": {
				"Position": {
					"Minimum": -30,
					"Default": 0,
					"Maximum": 30
				},
				"Angle": {
					"Minimum": -30,
					"Default": 0,
					"Maximum": 30
				}
			}
		},
		{
			"Id": "PhysicsSetting39",
			"Input": [
				{
					"Source": {
						"Target": "Parameter",
						"Id": "ParamAngleX"
					},
					"Weight": 40,
					"Type": "X",
					"Reflect": false
				},
				{
					"Source": {
						"Target": "Parameter",
						"Id": "ParamAngleY"
					},
					"Weight": 40,
					"Type": "X",
					"Reflect": false
				},
				{
					"Source": {
						"Target": "Parameter",
						"Id": "ParamAngleZ"
					},
					"Weight": 50,
					"Type": "Angle",
					"Reflect": false
				}
			],
			"Output": [
				{
					"Destination": {
						"Target": "Parameter",
						"Id": "Param106"
					},
					"VertexIndex": 1,
					"Scale": 20,
					"Weight": 100,
					"Type": "Angle",
					"Reflect": false
				},
				{
					"Destination": {
						"Target": "Parameter",
						"Id": "Param107"
					},
					"VertexIndex": 2,
					"Scale": 20,
					"Weight": 100,
					"Type": "Angle",
					"Reflect": false
				}
			],
			"Vertices": [
				{
					"Position": {
						"X": 0,
						"Y": 0
					},
					"Mobility": 0.95,
					"Delay": 1,
					"Acceleration": 0.6,
					"Radius": 8
				},
				{
					"Position": {
						"X": 0,
						"Y": 8
					},
					"Mobility": 0.95,
					"Delay": 1,
					"Acceleration": 0.6,
					"Radius": 8
				},
				{
					"Position": {
						"X": 0,
						"Y": 15
					},
					"Mobility": 0.95,
					"Delay": 1,
					"Acceleration": 0.6,
					"Radius": 7
				}
			],
			"Normalization": {
				"Position": {
					"Minimum": -30,
					"Default": 0,
					"Maximum": 30
				},
				"Angle": {
					"Minimum": -30,
					"Default": 0,
					"Maximum": 30
				}
			}
		},
		{
			"Id": "PhysicsSetting40",
			"Input": [
				{
					"Source": {
						"Target": "Parameter",
						"Id": "ParamAngleX"
					},
					"Weight": 50,
					"Type": "X",
					"Reflect": false
				},
				{
					"Source": {
						"Target": "Parameter",
						"Id": "ParamAngleY"
					},
					"Weight": 50,
					"Type": "X",
					"Reflect": false
				},
				{
					"Source": {
						"Target": "Parameter",
						"Id": "ParamAngleZ"
					},
					"Weight": 90,
					"Type": "Angle",
					"Reflect": false
				}
			],
			"Output": [
				{
					"Destination": {
						"Target": "Parameter",
						"Id": "Param103"
					},
					"VertexIndex": 1,
					"Scale": 20,
					"Weight": 100,
					"Type": "Angle",
					"Reflect": false
				},
				{
					"Destination": {
						"Target": "Parameter",
						"Id": "Param104"
					},
					"VertexIndex": 2,
					"Scale": 20,
					"Weight": 100,
					"Type": "Angle",
					"Reflect": false
				},
				{
					"Destination": {
						"Target": "Parameter",
						"Id": "Param105"
					},
					"VertexIndex": 3,
					"Scale": 20,
					"Weight": 100,
					"Type": "Angle",
					"Reflect": false
				}
			],
			"Vertices": [
				{
					"Position": {
						"X": 0,
						"Y": 0
					},
					"Mobility": 0.95,
					"Delay": 0.8,
					"Acceleration": 0.6,
					"Radius": 5
				},
				{
					"Position": {
						"X": 0,
						"Y": 7
					},
					"Mobility": 0.95,
					"Delay": 0.8,
					"Acceleration": 0.6,
					"Radius": 7
				},
				{
					"Position": {
						"X": 0,
						"Y": 13
					},
					"Mobility": 0.95,
					"Delay": 0.8,
					"Acceleration": 0.6,
					"Radius": 6
				},
				{
					"Position": {
						"X": 0,
						"Y": 18
					},
					"Mobility": 0.95,
					"Delay": 0.8,
					"Acceleration": 0.6,
					"Radius": 5
				}
			],
			"Normalization": {
				"Position": {
					"Minimum": -10,
					"Default": 0,
					"Maximum": 10
				},
				"Angle": {
					"Minimum": -10,
					"Default": 0,
					"Maximum": 10
				}
			}
		},
		{
			"Id": "PhysicsSetting41",
			"Input": [
				{
					"Source": {
						"Target": "Parameter",
						"Id": "ParamBodyAngleX"
					},
					"Weight": 50,
					"Type": "X",
					"Reflect": false
				},
				{
					"Source": {
						"Target": "Parameter",
						"Id": "ParamBodyAngleY"
					},
					"Weight": 50,
					"Type": "X",
					"Reflect": false
				},
				{
					"Source": {
						"Target": "Parameter",
						"Id": "ParamBodyAngleZ"
					},
					"Weight": 90,
					"Type": "Angle",
					"Reflect": false
				}
			],
			"Output": [
				{
					"Destination": {
						"Target": "Parameter",
						"Id": "Param78"
					},
					"VertexIndex": 1,
					"Scale": 40,
					"Weight": 100,
					"Type": "Angle",
					"Reflect": false
				},
				{
					"Destination": {
						"Target": "Parameter",
						"Id": "Param79"
					},
					"VertexIndex": 2,
					"Scale": 40,
					"Weight": 100,
					"Type": "Angle",
					"Reflect": false
				}
			],
			"Vertices": [
				{
					"Position": {
						"X": 0,
						"Y": 0
					},
					"Mobility": 0.95,
					"Delay": 1,
					"Acceleration": 1,
					"Radius": 0
				},
				{
					"Position": {
						"X": 0,
						"Y": 7
					},
					"Mobility": 0.95,
					"Delay": 1,
					"Acceleration": 1,
					"Radius": 7
				},
				{
					"Position": {
						"X": 0,
						"Y": 12
					},
					"Mobility": 0.95,
					"Delay": 1,
					"Acceleration": 1,
					"Radius": 5
				}
			],
			"Normalization": {
				"Position": {
					"Minimum": -10,
					"Default": 0,
					"Maximum": 10
				},
				"Angle": {
					"Minimum": -10,
					"Default": 0,
					"Maximum": 10
				}
			}
		},
		{
			"Id": "PhysicsSetting42",
			"Input": [
				{
					"Source": {
						"Target": "Parameter",
						"Id": "ParamBodyAngleX"
					},
					"Weight": 50,
					"Type": "X",
					"Reflect": false
				},
				{
					"Source": {
						"Target": "Parameter",
						"Id": "ParamBodyAngleY"
					},
					"Weight": 50,
					"Type": "X",
					"Reflect": false
				},
				{
					"Source": {
						"Target": "Parameter",
						"Id": "ParamBodyAngleZ"
					},
					"Weight": 90,
					"Type": "Angle",
					"Reflect": false
				}
			],
			"Output": [
				{
					"Destination": {
						"Target": "Parameter",
						"Id": "Param81"
					},
					"VertexIndex": 1,
					"Scale": 50,
					"Weight": 100,
					"Type": "Angle",
					"Reflect": false
				}
			],
			"Vertices": [
				{
					"Position": {
						"X": 0,
						"Y": 0
					},
					"Mobility": 0.95,
					"Delay": 1,
					"Acceleration": 1,
					"Radius": 0
				},
				{
					"Position": {
						"X": 0,
						"Y": 7
					},
					"Mobility": 0.95,
					"Delay": 1,
					"Acceleration": 1,
					"Radius": 7
				}
			],
			"Normalization": {
				"Position": {
					"Minimum": -10,
					"Default": 0,
					"Maximum": 10
				},
				"Angle": {
					"Minimum": -10,
					"Default": 0,
					"Maximum": 10
				}
			}
		},
		{
			"Id": "PhysicsSetting43",
			"Input": [
				{
					"Source": {
						"Target": "Parameter",
						"Id": "ParamBodyAngleY"
					},
					"Weight": 80,
					"Type": "X",
					"Reflect": false
				},
				{
					"Source": {
						"Target": "Parameter",
						"Id": "ParamBodyAngleZ"
					},
					"Weight": 90,
					"Type": "Angle",
					"Reflect": false
				}
			],
			"Output": [
				{
					"Destination": {
						"Target": "Parameter",
						"Id": "Param89"
					},
					"VertexIndex": 1,
					"Scale": 30,
					"Weight": 100,
					"Type": "Angle",
					"Reflect": false
				},
				{
					"Destination": {
						"Target": "Parameter",
						"Id": "Param91"
					},
					"VertexIndex": 2,
					"Scale": 30,
					"Weight": 100,
					"Type": "Angle",
					"Reflect": false
				}
			],
			"Vertices": [
				{
					"Position": {
						"X": 0,
						"Y": 0
					},
					"Mobility": 0.85,
					"Delay": 1,
					"Acceleration": 0.7,
					"Radius": 0
				},
				{
					"Position": {
						"X": 0,
						"Y": 10
					},
					"Mobility": 0.85,
					"Delay": 1,
					"Acceleration": 0.7,
					"Radius": 10
				},
				{
					"Position": {
						"X": 0,
						"Y": 18
					},
					"Mobility": 0.85,
					"Delay": 1,
					"Acceleration": 0.7,
					"Radius": 8
				}
			],
			"Normalization": {
				"Position": {
					"Minimum": -10,
					"Default": 0,
					"Maximum": 10
				},
				"Angle": {
					"Minimum": -10,
					"Default": 0,
					"Maximum": 10
				}
			}
		},
		{
			"Id": "PhysicsSetting44",
			"Input": [
				{
					"Source": {
						"Target": "Parameter",
						"Id": "ParamBodyAngleY"
					},
					"Weight": 80,
					"Type": "X",
					"Reflect": false
				},
				{
					"Source": {
						"Target": "Parameter",
						"Id": "ParamBodyAngleZ"
					},
					"Weight": 90,
					"Type": "Angle",
					"Reflect": false
				}
			],
			"Output": [
				{
					"Destination": {
						"Target": "Parameter",
						"Id": "Param93"
					},
					"VertexIndex": 1,
					"Scale": 20,
					"Weight": 100,
					"Type": "Angle",
					"Reflect": false
				},
				{
					"Destination": {
						"Target": "Parameter",
						"Id": "Param95"
					},
					"VertexIndex": 2,
					"Scale": 20,
					"Weight": 100,
					"Type": "Angle",
					"Reflect": false
				}
			],
			"Vertices": [
				{
					"Position": {
						"X": 0,
						"Y": 0
					},
					"Mobility": 0.85,
					"Delay": 1,
					"Acceleration": 0.7,
					"Radius": 0
				},
				{
					"Position": {
						"X": 0,
						"Y": 10
					},
					"Mobility": 0.85,
					"Delay": 1,
					"Acceleration": 0.7,
					"Radius": 10
				},
				{
					"Position": {
						"X": 0,
						"Y": 18
					},
					"Mobility": 0.85,
					"Delay": 1,
					"Acceleration": 0.7,
					"Radius": 8
				}
			],
			"Normalization": {
				"Position": {
					"Minimum": -10,
					"Default": 0,
					"Maximum": 10
				},
				"Angle": {
					"Minimum": -10,
					"Default": 0,
					"Maximum": 10
				}
			}
		},
		{
			"Id": "PhysicsSetting45",
			"Input": [
				{
					"Source": {
						"Target": "Parameter",
						"Id": "ParamBodyAngleY"
					},
					"Weight": 80,
					"Type": "X",
					"Reflect": false
				},
				{
					"Source": {
						"Target": "Parameter",
						"Id": "ParamBodyAngleZ"
					},
					"Weight": 90,
					"Type": "Angle",
					"Reflect": false
				}
			],
			"Output": [
				{
					"Destination": {
						"Target": "Parameter",
						"Id": "Param88"
					},
					"VertexIndex": 1,
					"Scale": 20,
					"Weight": 100,
					"Type": "Angle",
					"Reflect": false
				},
				{
					"Destination": {
						"Target": "Parameter",
						"Id": "Param94"
					},
					"VertexIndex": 2,
					"Scale": 20,
					"Weight": 100,
					"Type": "Angle",
					"Reflect": false
				}
			],
			"Vertices": [
				{
					"Position": {
						"X": 0,
						"Y": 0
					},
					"Mobility": 0.85,
					"Delay": 1,
					"Acceleration": 0.7,
					"Radius": 0
				},
				{
					"Position": {
						"X": 0,
						"Y": 10
					},
					"Mobility": 0.85,
					"Delay": 1,
					"Acceleration": 0.7,
					"Radius": 10
				},
				{
					"Position": {
						"X": 0,
						"Y": 18
					},
					"Mobility": 0.85,
					"Delay": 1,
					"Acceleration": 0.7,
					"Radius": 8
				}
			],
			"Normalization": {
				"Position": {
					"Minimum": -10,
					"Default": 0,
					"Maximum": 10
				},
				"Angle": {
					"Minimum": -10,
					"Default": 0,
					"Maximum": 10
				}
			}
		},
		{
			"Id": "PhysicsSetting46",
			"Input": [
				{
					"Source": {
						"Target": "Parameter",
						"Id": "ParamBodyAngleX"
					},
					"Weight": 50,
					"Type": "X",
					"Reflect": false
				},
				{
					"Source": {
						"Target": "Parameter",
						"Id": "ParamBodyAngleY"
					},
					"Weight": 50,
					"Type": "X",
					"Reflect": false
				},
				{
					"Source": {
						"Target": "Parameter",
						"Id": "ParamBodyAngleZ"
					},
					"Weight": 90,
					"Type": "Angle",
					"Reflect": false
				}
			],
			"Output": [
				{
					"Destination": {
						"Target": "Parameter",
						"Id": "Param92"
					},
					"VertexIndex": 1,
					"Scale": 50,
					"Weight": 100,
					"Type": "Angle",
					"Reflect": false
				},
				{
					"Destination": {
						"Target": "Parameter",
						"Id": "Param90"
					},
					"VertexIndex": 2,
					"Scale": 50,
					"Weight": 100,
					"Type": "Angle",
					"Reflect": false
				}
			],
			"Vertices": [
				{
					"Position": {
						"X": 0,
						"Y": 0
					},
					"Mobility": 0.95,
					"Delay": 1,
					"Acceleration": 0.8,
					"Radius": 0
				},
				{
					"Position": {
						"X": 0,
						"Y": 8
					},
					"Mobility": 0.95,
					"Delay": 1,
					"Acceleration": 0.8,
					"Radius": 8
				},
				{
					"Position": {
						"X": 0,
						"Y": 15
					},
					"Mobility": 0.95,
					"Delay": 1,
					"Acceleration": 0.8,
					"Radius": 7
				}
			],
			"Normalization": {
				"Position": {
					"Minimum": -10,
					"Default": 0,
					"Maximum": 10
				},
				"Angle": {
					"Minimum": -10,
					"Default": 0,
					"Maximum": 10
				}
			}
		},
		{
			"Id": "PhysicsSetting47",
			"Input": [
				{
					"Source": {
						"Target": "Parameter",
						"Id": "ParamAngleX"
					},
					"Weight": 50,
					"Type": "X",
					"Reflect": false
				},
				{
					"Source": {
						"Target": "Parameter",
						"Id": "ParamAngleY"
					},
					"Weight": 50,
					"Type": "X",
					"Reflect": false
				},
				{
					"Source": {
						"Target": "Parameter",
						"Id": "ParamAngleZ"
					},
					"Weight": 90,
					"Type": "Angle",
					"Reflect": false
				}
			],
			"Output": [
				{
					"Destination": {
						"Target": "Parameter",
						"Id": "Param96"
					},
					"VertexIndex": 1,
					"Scale": 50,
					"Weight": 100,
					"Type": "Angle",
					"Reflect": false
				},
				{
					"Destination": {
						"Target": "Parameter",
						"Id": "Param97"
					},
					"VertexIndex": 2,
					"Scale": 50,
					"Weight": 100,
					"Type": "Angle",
					"Reflect": false
				}
			],
			"Vertices": [
				{
					"Position": {
						"X": 0,
						"Y": 0
					},
					"Mobility": 0.9,
					"Delay": 1,
					"Acceleration": 1,
					"Radius": 8
				},
				{
					"Position": {
						"X": 0,
						"Y": 7
					},
					"Mobility": 0.9,
					"Delay": 1,
					"Acceleration": 1,
					"Radius": 7
				},
				{
					"Position": {
						"X": 0,
						"Y": 12
					},
					"Mobility": 0.9,
					"Delay": 1,
					"Acceleration": 1,
					"Radius": 5
				}
			],
			"Normalization": {
				"Position": {
					"Minimum": -10,
					"Default": 0,
					"Maximum": 10
				},
				"Angle": {
					"Minimum": -10,
					"Default": 0,
					"Maximum": 10
				}
			}
		},
		{
			"Id": "PhysicsSetting48",
			"Input": [
				{
					"Source": {
						"Target": "Parameter",
						"Id": "ParamAngleX"
					},
					"Weight": 50,
					"Type": "X",
					"Reflect": false
				},
				{
					"Source": {
						"Target": "Parameter",
						"Id": "ParamAngleY"
					},
					"Weight": 50,
					"Type": "X",
					"Reflect": false
				},
				{
					"Source": {
						"Target": "Parameter",
						"Id": "ParamAngleZ"
					},
					"Weight": 90,
					"Type": "Angle",
					"Reflect": false
				}
			],
			"Output": [
				{
					"Destination": {
						"Target": "Parameter",
						"Id": "Param98"
					},
					"VertexIndex": 1,
					"Scale": 50,
					"Weight": 100,
					"Type": "Angle",
					"Reflect": false
				},
				{
					"Destination": {
						"Target": "Parameter",
						"Id": "Param99"
					},
					"VertexIndex": 2,
					"Scale": 50,
					"Weight": 100,
					"Type": "Angle",
					"Reflect": false
				}
			],
			"Vertices": [
				{
					"Position": {
						"X": 0,
						"Y": 0
					},
					"Mobility": 0.9,
					"Delay": 1,
					"Acceleration": 1,
					"Radius": 8
				},
				{
					"Position": {
						"X": 0,
						"Y": 7
					},
					"Mobility": 0.9,
					"Delay": 1,
					"Acceleration": 1,
					"Radius": 7
				},
				{
					"Position": {
						"X": 0,
						"Y": 12
					},
					"Mobility": 0.9,
					"Delay": 1,
					"Acceleration": 1,
					"Radius": 5
				}
			],
			"Normalization": {
				"Position": {
					"Minimum": -10,
					"Default": 0,
					"Maximum": 10
				},
				"Angle": {
					"Minimum": -10,
					"Default": 0,
					"Maximum": 10
				}
			}
		},
		{
			"Id": "PhysicsSetting49",
			"Input": [
				{
					"Source": {
						"Target": "Parameter",
						"Id": "ParamBodyAngleX"
					},
					"Weight": 100,
					"Type": "X",
					"Reflect": false
				},
				{
					"Source": {
						"Target": "Parameter",
						"Id": "ParamBodyAngleZ"
					},
					"Weight": 90,
					"Type": "Angle",
					"Reflect": false
				}
			],
			"Output": [
				{
					"Destination": {
						"Target": "Parameter",
						"Id": "Param113"
					},
					"VertexIndex": 1,
					"Scale": 50,
					"Weight": 100,
					"Type": "Angle",
					"Reflect": false
				}
			],
			"Vertices": [
				{
					"Position": {
						"X": 0,
						"Y": 0
					},
					"Mobility": 0.85,
					"Delay": 1,
					"Acceleration": 1,
					"Radius": 8
				},
				{
					"Position": {
						"X": 0,
						"Y": 10
					},
					"Mobility": 0.85,
					"Delay": 1,
					"Acceleration": 1,
					"Radius": 10
				}
			],
			"Normalization": {
				"Position": {
					"Minimum": -10,
					"Default": 0,
					"Maximum": 10
				},
				"Angle": {
					"Minimum": -10,
					"Default": 0,
					"Maximum": 10
				}
			}
		},
		{
			"Id": "PhysicsSetting50",
			"Input": [
				{
					"Source": {
						"Target": "Parameter",
						"Id": "ParamBodyAngleY"
					},
					"Weight": 30,
					"Type": "X",
					"Reflect": false
				},
				{
					"Source": {
						"Target": "Parameter",
						"Id": "ParamBodyAngleZ"
					},
					"Weight": 90,
					"Type": "Angle",
					"Reflect": false
				}
			],
			"Output": [
				{
					"Destination": {
						"Target": "Parameter",
						"Id": "Param115"
					},
					"VertexIndex": 1,
					"Scale": 30,
					"Weight": 100,
					"Type": "Angle",
					"Reflect": false
				}
			],
			"Vertices": [
				{
					"Position": {
						"X": 0,
						"Y": 0
					},
					"Mobility": 0.9,
					"Delay": 1,
					"Acceleration": 1,
					"Radius": 8
				},
				{
					"Position": {
						"X": 0,
						"Y": 12
					},
					"Mobility": 0.9,
					"Delay": 1,
					"Acceleration": 0.7,
					"Radius": 12
				}
			],
			"Normalization": {
				"Position": {
					"Minimum": -10,
					"Default": 0,
					"Maximum": 10
				},
				"Angle": {
					"Minimum": -10,
					"Default": 0,
					"Maximum": 10
				}
			}
		},
		{
			"Id": "PhysicsSetting51",
			"Input": [
				{
					"Source": {
						"Target": "Parameter",
						"Id": "ParamBodyAngleX"
					},
					"Weight": 100,
					"Type": "X",
					"Reflect": false
				},
				{
					"Source": {
						"Target": "Parameter",
						"Id": "ParamBodyAngleZ"
					},
					"Weight": 90,
					"Type": "Angle",
					"Reflect": false
				}
			],
			"Output": [
				{
					"Destination": {
						"Target": "Parameter",
						"Id": "Param112"
					},
					"VertexIndex": 1,
					"Scale": 50,
					"Weight": 100,
					"Type": "Angle",
					"Reflect": false
				}
			],
			"Vertices": [
				{
					"Position": {
						"X": 0,
						"Y": 0
					},
					"Mobility": 0.85,
					"Delay": 1,
					"Acceleration": 1,
					"Radius": 8
				},
				{
					"Position": {
						"X": 0,
						"Y": 10
					},
					"Mobility": 0.85,
					"Delay": 1,
					"Acceleration": 1,
					"Radius": 10
				}
			],
			"Normalization": {
				"Position": {
					"Minimum": -10,
					"Default": 0,
					"Maximum": 10
				},
				"Angle": {
					"Minimum": -10,
					"Default": 0,
					"Maximum": 10
				}
			}
		},
		{
			"Id": "PhysicsSetting52",
			"Input": [
				{
					"Source": {
						"Target": "Parameter",
						"Id": "ParamBodyAngleY"
					},
					"Weight": 30,
					"Type": "X",
					"Reflect": false
				},
				{
					"Source": {
						"Target": "Parameter",
						"Id": "ParamBodyAngleZ"
					},
					"Weight": 90,
					"Type": "Angle",
					"Reflect": false
				}
			],
			"Output": [
				{
					"Destination": {
						"Target": "Parameter",
						"Id": "Param114"
					},
					"VertexIndex": 1,
					"Scale": 50,
					"Weight": 100,
					"Type": "Angle",
					"Reflect": false
				}
			],
			"Vertices": [
				{
					"Position": {
						"X": 0,
						"Y": 0
					},
					"Mobility": 0.9,
					"Delay": 1,
					"Acceleration": 1,
					"Radius": 8
				},
				{
					"Position": {
						"X": 0,
						"Y": 12
					},
					"Mobility": 0.9,
					"Delay": 1,
					"Acceleration": 0.7,
					"Radius": 12
				}
			],
			"Normalization": {
				"Position": {
					"Minimum": -10,
					"Default": 0,
					"Maximum": 10
				},
				"Angle": {
					"Minimum": -10,
					"Default": 0,
					"Maximum": 10
				}
			}
		},
		{
			"Id": "PhysicsSetting53",
			"Input": [
				{
					"Source": {
						"Target": "Parameter",
						"Id": "ParamBodyAngleY"
					},
					"Weight": 100,
					"Type": "X",
					"Reflect": false
				},
				{
					"Source": {
						"Target": "Parameter",
						"Id": "ParamBodyAngleZ"
					},
					"Weight": 90,
					"Type": "Angle",
					"Reflect": false
				}
			],
			"Output": [
				{
					"Destination": {
						"Target": "Parameter",
						"Id": "Param116"
					},
					"VertexIndex": 1,
					"Scale": 30,
					"Weight": 100,
					"Type": "Angle",
					"Reflect": false
				},
				{
					"Destination": {
						"Target": "Parameter",
						"Id": "Param117"
					},
					"VertexIndex": 2,
					"Scale": 30,
					"Weight": 100,
					"Type": "Angle",
					"Reflect": false
				}
			],
			"Vertices": [
				{
					"Position": {
						"X": 0,
						"Y": 0
					},
					"Mobility": 0.8,
					"Delay": 1,
					"Acceleration": 1,
					"Radius": 8
				},
				{
					"Position": {
						"X": 0,
						"Y": 8
					},
					"Mobility": 0.8,
					"Delay": 1,
					"Acceleration": 1,
					"Radius": 8
				},
				{
					"Position": {
						"X": 0,
						"Y": 14
					},
					"Mobility": 0.8,
					"Delay": 1,
					"Acceleration": 1,
					"Radius": 6
				}
			],
			"Normalization": {
				"Position": {
					"Minimum": -10,
					"Default": 0,
					"Maximum": 10
				},
				"Angle": {
					"Minimum": -10,
					"Default": 0,
					"Maximum": 10
				}
			}
		},
		{
			"Id": "PhysicsSetting54",
			"Input": [
				{
					"Source": {
						"Target": "Parameter",
						"Id": "ParamEyeROpen"
					},
					"Weight": 30,
					"Type": "X",
					"Reflect": false
				}
			],
			"Output": [
				{
					"Destination": {
						"Target": "Parameter",
						"Id": "Param126"
					},
					"VertexIndex": 1,
					"Scale": 30,
					"Weight": 100,
					"Type": "Angle",
					"Reflect": false
				},
				{
					"Destination": {
						"Target": "Parameter",
						"Id": "Param127"
					},
					"VertexIndex": 2,
					"Scale": 30,
					"Weight": 100,
					"Type": "Angle",
					"Reflect": false
				}
			],
			"Vertices": [
				{
					"Position": {
						"X": 0,
						"Y": 0
					},
					"Mobility": 0.85,
					"Delay": 1,
					"Acceleration": 0.8,
					"Radius": 8
				},
				{
					"Position": {
						"X": 0,
						"Y": 8
					},
					"Mobility": 0.85,
					"Delay": 1,
					"Acceleration": 0.8,
					"Radius": 8
				},
				{
					"Position": {
						"X": 0,
						"Y": 14
					},
					"Mobility": 0.85,
					"Delay": 1,
					"Acceleration": 0.8,
					"Radius": 6
				}
			],
			"Normalization": {
				"Position": {
					"Minimum": -10,
					"Default": 0,
					"Maximum": 10
				},
				"Angle": {
					"Minimum": -10,
					"Default": 0,
					"Maximum": 10
				}
			}
		},
		{
			"Id": "PhysicsSetting55",
			"Input": [
				{
					"Source": {
						"Target": "Parameter",
						"Id": "ParamEyeROpen"
					},
					"Weight": 40,
					"Type": "X",
					"Reflect": false
				}
			],
			"Output": [
				{
					"Destination": {
						"Target": "Parameter",
						"Id": "Param130"
					},
					"VertexIndex": 1,
					"Scale": 30,
					"Weight": 100,
					"Type": "Angle",
					"Reflect": false
				},
				{
					"Destination": {
						"Target": "Parameter",
						"Id": "Param131"
					},
					"VertexIndex": 2,
					"Scale": 30,
					"Weight": 100,
					"Type": "Angle",
					"Reflect": false
				}
			],
			"Vertices": [
				{
					"Position": {
						"X": 0,
						"Y": 0
					},
					"Mobility": 0.85,
					"Delay": 1,
					"Acceleration": 0.8,
					"Radius": 8
				},
				{
					"Position": {
						"X": 0,
						"Y": 8
					},
					"Mobility": 0.85,
					"Delay": 1,
					"Acceleration": 0.8,
					"Radius": 8
				},
				{
					"Position": {
						"X": 0,
						"Y": 14
					},
					"Mobility": 0.85,
					"Delay": 1,
					"Acceleration": 0.8,
					"Radius": 6
				}
			],
			"Normalization": {
				"Position": {
					"Minimum": -10,
					"Default": 0,
					"Maximum": 10
				},
				"Angle": {
					"Minimum": -10,
					"Default": 0,
					"Maximum": 10
				}
			}
		},
		{
			"Id": "PhysicsSetting56",
			"Input": [
				{
					"Source": {
						"Target": "Parameter",
						"Id": "ParamEyeROpen"
					},
					"Weight": 20,
					"Type": "X",
					"Reflect": false
				}
			],
			"Output": [
				{
					"Destination": {
						"Target": "Parameter",
						"Id": "Param134"
					},
					"VertexIndex": 1,
					"Scale": 20,
					"Weight": 100,
					"Type": "Angle",
					"Reflect": false
				}
			],
			"Vertices": [
				{
					"Position": {
						"X": 0,
						"Y": 0
					},
					"Mobility": 0.85,
					"Delay": 1,
					"Acceleration": 0.8,
					"Radius": 8
				},
				{
					"Position": {
						"X": 0,
						"Y": 6
					},
					"Mobility": 0.85,
					"Delay": 1,
					"Acceleration": 0.8,
					"Radius": 6
				}
			],
			"Normalization": {
				"Position": {
					"Minimum": -10,
					"Default": 0,
					"Maximum": 10
				},
				"Angle": {
					"Minimum": -10,
					"Default": 0,
					"Maximum": 10
				}
			}
		},
		{
			"Id": "PhysicsSetting57",
			"Input": [
				{
					"Source": {
						"Target": "Parameter",
						"Id": "ParamEyeLOpen"
					},
					"Weight": 30,
					"Type": "X",
					"Reflect": false
				}
			],
			"Output": [
				{
					"Destination": {
						"Target": "Parameter",
						"Id": "Param128"
					},
					"VertexIndex": 1,
					"Scale": 30,
					"Weight": 100,
					"Type": "Angle",
					"Reflect": false
				},
				{
					"Destination": {
						"Target": "Parameter",
						"Id": "Param129"
					},
					"VertexIndex": 2,
					"Scale": 30,
					"Weight": 100,
					"Type": "Angle",
					"Reflect": false
				}
			],
			"Vertices": [
				{
					"Position": {
						"X": 0,
						"Y": 0
					},
					"Mobility": 0.85,
					"Delay": 1,
					"Acceleration": 0.8,
					"Radius": 8
				},
				{
					"Position": {
						"X": 0,
						"Y": 8
					},
					"Mobility": 0.85,
					"Delay": 1,
					"Acceleration": 0.8,
					"Radius": 8
				},
				{
					"Position": {
						"X": 0,
						"Y": 14
					},
					"Mobility": 0.85,
					"Delay": 1,
					"Acceleration": 0.8,
					"Radius": 6
				}
			],
			"Normalization": {
				"Position": {
					"Minimum": -10,
					"Default": 0,
					"Maximum": 10
				},
				"Angle": {
					"Minimum": -10,
					"Default": 0,
					"Maximum": 10
				}
			}
		},
		{
			"Id": "PhysicsSetting58",
			"Input": [
				{
					"Source": {
						"Target": "Parameter",
						"Id": "ParamEyeLOpen"
					},
					"Weight": 40,
					"Type": "X",
					"Reflect": false
				}
			],
			"Output": [
				{
					"Destination": {
						"Target": "Parameter",
						"Id": "Param132"
					},
					"VertexIndex": 1,
					"Scale": 30,
					"Weight": 100,
					"Type": "Angle",
					"Reflect": false
				},
				{
					"Destination": {
						"Target": "Parameter",
						"Id": "Param133"
					},
					"VertexIndex": 2,
					"Scale": 30,
					"Weight": 100,
					"Type": "Angle",
					"Reflect": false
				}
			],
			"Vertices": [
				{
					"Position": {
						"X": 0,
						"Y": 0
					},
					"Mobility": 0.85,
					"Delay": 1,
					"Acceleration": 0.8,
					"Radius": 8
				},
				{
					"Position": {
						"X": 0,
						"Y": 8
					},
					"Mobility": 0.85,
					"Delay": 1,
					"Acceleration": 0.8,
					"Radius": 8
				},
				{
					"Position": {
						"X": 0,
						"Y": 14
					},
					"Mobility": 0.85,
					"Delay": 1,
					"Acceleration": 0.8,
					"Radius": 6
				}
			],
			"Normalization": {
				"Position": {
					"Minimum": -10,
					"Default": 0,
					"Maximum": 10
				},
				"Angle": {
					"Minimum": -10,
					"Default": 0,
					"Maximum": 10
				}
			}
		},
		{
			"Id": "PhysicsSetting59",
			"Input": [
				{
					"Source": {
						"Target": "Parameter",
						"Id": "ParamEyeLOpen"
					},
					"Weight": 20,
					"Type": "X",
					"Reflect": false
				}
			],
			"Output": [
				{
					"Destination": {
						"Target": "Parameter",
						"Id": "Param135"
					},
					"VertexIndex": 1,
					"Scale": 20,
					"Weight": 100,
					"Type": "Angle",
					"Reflect": false
				}
			],
			"Vertices": [
				{
					"Position": {
						"X": 0,
						"Y": 0
					},
					"Mobility": 0.85,
					"Delay": 1,
					"Acceleration": 0.8,
					"Radius": 8
				},
				{
					"Position": {
						"X": 0,
						"Y": 6
					},
					"Mobility": 0.85,
					"Delay": 1,
					"Acceleration": 0.8,
					"Radius": 6
				}
			],
			"Normalization": {
				"Position": {
					"Minimum": -10,
					"Default": 0,
					"Maximum": 10
				},
				"Angle": {
					"Minimum": -10,
					"Default": 0,
					"Maximum": 10
				}
			}
		},
		{
			"Id": "PhysicsSetting60",
			"Input": [
				{
					"Source": {
						"Target": "Parameter",
						"Id": "ParamBodyAngleY"
					},
					"Weight": 80,
					"Type": "X",
					"Reflect": false
				},
				{
					"Source": {
						"Target": "Parameter",
						"Id": "ParamBodyAngleZ"
					},
					"Weight": 80,
					"Type": "Angle",
					"Reflect": false
				}
			],
			"Output": [
				{
					"Destination": {
						"Target": "Parameter",
						"Id": "Param136"
					},
					"VertexIndex": 1,
					"Scale": 30,
					"Weight": 100,
					"Type": "Angle",
					"Reflect": false
				}
			],
			"Vertices": [
				{
					"Position": {
						"X": 0,
						"Y": 0
					},
					"Mobility": 0.85,
					"Delay": 1,
					"Acceleration": 0.8,
					"Radius": 8
				},
				{
					"Position": {
						"X": 0,
						"Y": 6
					},
					"Mobility": 0.85,
					"Delay": 1,
					"Acceleration": 0.7,
					"Radius": 6
				}
			],
			"Normalization": {
				"Position": {
					"Minimum": -10,
					"Default": 0,
					"Maximum": 10
				},
				"Angle": {
					"Minimum": -10,
					"Default": 0,
					"Maximum": 10
				}
			}
		},
		{
			"Id": "PhysicsSetting61",
			"Input": [
				{
					"Source": {
						"Target": "Parameter",
						"Id": "ParamBodyAngleY"
					},
					"Weight": 60,
					"Type": "X",
					"Reflect": false
				},
				{
					"Source": {
						"Target": "Parameter",
						"Id": "ParamBodyAngleZ"
					},
					"Weight": 80,
					"Type": "Angle",
					"Reflect": false
				},
				{
					"Source": {
						"Target": "Parameter",
						"Id": "Param120"
					},
					"Weight": 40,
					"Type": "X",
					"Reflect": false
				}
			],
			"Output": [
				{
					"Destination": {
						"Target": "Parameter",
						"Id": "Param137"
					},
					"VertexIndex": 1,
					"Scale": 30,
					"Weight": 100,
					"Type": "Angle",
					"Reflect": false
				}
			],
			"Vertices": [
				{
					"Position": {
						"X": 0,
						"Y": 0
					},
					"Mobility": 0.85,
					"Delay": 1,
					"Acceleration": 0.8,
					"Radius": 8
				},
				{
					"Position": {
						"X": 0,
						"Y": 6
					},
					"Mobility": 0.85,
					"Delay": 1,
					"Acceleration": 0.7,
					"Radius": 6
				}
			],
			"Normalization": {
				"Position": {
					"Minimum": -10,
					"Default": 0,
					"Maximum": 10
				},
				"Angle": {
					"Minimum": -10,
					"Default": 0,
					"Maximum": 10
				}
			}
		},
		{
			"Id": "PhysicsSetting62",
			"Input": [
				{
					"Source": {
						"Target": "Parameter",
						"Id": "ParamBodyAngleX"
					},
					"Weight": 50,
					"Type": "X",
					"Reflect": false
				},
				{
					"Source": {
						"Target": "Parameter",
						"Id": "ParamBodyAngleY"
					},
					"Weight": 50,
					"Type": "X",
					"Reflect": false
				},
				{
					"Source": {
						"Target": "Parameter",
						"Id": "ParamBodyAngleZ"
					},
					"Weight": 100,
					"Type": "Angle",
					"Reflect": false
				}
			],
			"Output": [
				{
					"Destination": {
						"Target": "Parameter",
						"Id": "Param141"
					},
					"VertexIndex": 1,
					"Scale": 60,
					"Weight": 100,
					"Type": "Angle",
					"Reflect": false
				},
				{
					"Destination": {
						"Target": "Parameter",
						"Id": "Param142"
					},
					"VertexIndex": 2,
					"Scale": 60,
					"Weight": 100,
					"Type": "Angle",
					"Reflect": false
				}
			],
			"Vertices": [
				{
					"Position": {
						"X": 0,
						"Y": 0
					},
					"Mobility": 0.95,
					"Delay": 1,
					"Acceleration": 0.6,
					"Radius": 8
				},
				{
					"Position": {
						"X": 0,
						"Y": 12
					},
					"Mobility": 0.95,
					"Delay": 1,
					"Acceleration": 0.6,
					"Radius": 12
				},
				{
					"Position": {
						"X": 0,
						"Y": 22
					},
					"Mobility": 0.95,
					"Delay": 1,
					"Acceleration": 0.6,
					"Radius": 10
				}
			],
			"Normalization": {
				"Position": {
					"Minimum": -10,
					"Default": 0,
					"Maximum": 10
				},
				"Angle": {
					"Minimum": -10,
					"Default": 0,
					"Maximum": 10
				}
			}
		}
	]
}