{
    "Type": "Live2D Expression",
    "Parameters": [
        {
            "Id": "ParamBrowLY",
            "Value": -1.0,
            "Blend": "Add"
        },
        {
            "Id": "ParamBrowRY",
            "Value": -1.0,
            "Blend": "Add"
        },
        {
            "Id": "ParamBrowLForm",
            "Value": -1.0,
            "Blend": "Add"
        },
        {
            "Id": "ParamBrowRForm",
            "Value": -1.0,
            "Blend": "Add"
        },
        {
            "Id": "ParamMouthForm",
            "Value": -1.0,
            "Blend": "Add"
        }
    ]
}